"GEOID","NAME","totalpopE","totalpopM","medianHHIE","medianHHIM","medianHHIWhiteE","medianHHIWhiteM","medianHHIBlackE","medianHHIBlackM","AllhseE","AllhseM","ownoccE","ownoccM","rentAllE","rentAllM","snapE","snapM","noHSE","noHSM","unempE","unempM","ownnerCarAccessE","ownnerCarAccessM","renterCarAccessE","renterCarAccessM","medianFamIncomeE","medianFamIncomeM","perc_noHSE","perc_noHSM","AllFamE","AllFamM","AllFamUnder10kE","AllFamUnder10kM","perc_AllFamUnder10kE","perc_AllFamUnder10kM","AllFamBtw10_14kE","AllFamBtw10_14kM","perc_AllFamBtw10_14kE","perc_AllFamBtw10_14kM","AllFamBtw15_24kE","AllFamBtw15_24kM","perc_AllFamBtw15_24kE","perc_AllFamBtw15_24kM","AllFamBtw25_34kE","AllFamBtw25_34kM","perc_AllFamBtw25_34kE","perc_AllFamBtw25_34kM","AllFamUnder35kE","AllFamUnder35kM","perc_AllFamUnder35kE","perc_AllFamUnder35kM","AllFamBtw35_59kE","AllFamBtw35_59kM","perc_AllFamBtw35_59kE","perc_AllFamBtw35_59kM","AllFamBtw60_100kE","AllFamBtw60_100kM","perc_AllFamBtw60_100kE","perc_AllFamBtw60_100kM","AllFamOver100kE","AllFamOver100kM","perc_AllFamOver100kE","perc_AllFamOver100kM","AllWhiteFamE","AllWhiteFamM","WhiteFamUnder10kE","WhiteFamUnder10kM","perc_WhiteFamUnder10kE","perc_WhiteFamUnder10kM","WhiteFamBtw10_14kE","WhiteFamBtw10_14kM","perc_WhiteFamBtw10_14kE","perc_WhiteFamBtw10_14kM","WhiteFamBtw15_24kE","WhiteFamBtw15_24kM","perc_WhiteFamBtw15_24kE","perc_WhiteFamBtw15_24kM","WhiteFamBtw25_34kE","WhiteFamBtw25_34kM","perc_WhiteFamBtw25_34kM","WhiteFamUnder35kE","WhiteFamUnder35kM","perc_WhiteFamUnder35kE","perc_WhiteFamUnder35kM","WhiteFamBtw35_59kE","WhiteFamBtw35_59kM","perc_WhiteFamBtw35_59kE","perc_WhiteFamBtw35_59kM","WhiteFamBtw60_100kE","WhiteFamBtw60_100kM","perc_WhiteFamBtw60_100kE","perc_WhiteFamBtw60_100kM","WhiteFamOver100kE","WhiteFamOver100kM","perc_WhiteFamOver100kE","perc_WhiteFamOver100kM","AllBlackFamE","AllBlackFamM","BlackFamUnder10kE","BlackFamUnder10kM","perc_BlackFamUnder10kE","perc_BlackFamUnder10kM","BlackFamBtw10_14kE","BlackFamBtw10_14kM","perc_BlackFamBtw10_14kE","perc_BlackFamBtw10_14kM","BlackFamBtw15_24kE","BlackFamBtw15_24kM","perc_BlackFamBtw15_24kE","perc_BlackFamBtw15_24kM","BlackFamBtw25_34kE","BlackFamBtw25_34kM","perc_BlackFamBtw25_34kE","perc_BlackFamBtw25_34kM","BlackFamUnder35kE","BlackFamUnder35kM","perc_BlackFamUnder35kE","perc_BlackFamUnder35kM","BlackFamBtw35_59kE","BlackFamBtw35_59kM","perc_BlackFamBtw35_59kE","perc_BlackFamBtw35_59kM","BlackFamBtw60_100kE","BlackFamBtw60_100kM","perc_BlackFamBtw60_100kE","perc_BlackFamBtw60_100kM","BlackFamOver100kE","BlackFamOver100kM","perc_BlackFamOver100kE","perc_BlackFamOver100kM","year","state","locality","tract","countyName"
"51540000201","Census Tract 2.01, Charlottesville city, Virginia",2924,436,51719,19961,56250,37802,46250,19935,1196,207,270,68,876,187,76,43,225,86,148,96,270,68,876,187,81964,27231,12.2,4.2,527,105,54,56,10.25,0.1,0,13,0,0.02,50,79.08,9.49,0.15,6,17.69,1.14,0.03,110,97.64,20.87,0.18,90,52.78,17.08,0.09,142,69.81,26.94,0.12,185,65.5,35.1,0.1,323,101,24,38,7.43,0.12,0,13,0,0.04,50,79.08,15.48,0.24,0,13,0.04,74,87.73,22.91,0.26,23,28.04,7.12,0.08,81,47.8,25.08,0.13,145,57.19,44.89,0.11,179,47,30,36,16.76,0.2,0,13,0,0.07,0,13,0,0.07,6,17.69,3.35,0.1,36,40.11,20.11,0.22,59,42.97,32.96,0.22,53,48.76,29.61,0.26,31,38.92,17.32,0.21,"2020","51","540","000201","Charlottesville"
"51540000202","Census Tract 2.02, Charlottesville city, Virginia",5667,659,26765,8660,17159,4803,58289,34716,1836,251,190,115,1354,245,305,180,214,144,116,89,190,115,1354,245,31857,21588,11.9,7.6,528,215,95,90,17.99,0.15,32,49,6.06,0.09,23,32.2,4.36,0.06,149,158.82,28.22,0.28,299,191.74,56.63,0.28,43,46.97,8.14,0.08,115,74.22,21.78,0.11,71,57.43,13.45,0.09,194,106,68,71,35.05,0.31,32,49,16.49,0.24,15,34.13,7.73,0.17,0,18,0.09,115,92.77,59.28,0.35,0,18,0,0.09,38,51.26,19.59,0.24,41,35.68,21.13,0.14,295,193,27,43,9.15,0.13,0,18,0,0.06,0,18,0,0.06,136,158.03,46.1,0.44,163,163.77,55.25,0.42,32,42.95,10.85,0.13,70,78.1,23.73,0.21,30,48.47,10.17,0.15,"2020","51","540","000202","Charlottesville"
"51540000302","Census Tract 3.02, Charlottesville city, Virginia",3133,564,65826,11050,63917,9322,NA,NA,1824,262,633,165,974,239,161,81,164,120,49,49,633,165,974,239,80951,6969,6.4,4.5,816,200,0,13,0,0.02,13,20,1.59,0.02,14,25.55,1.72,0.03,93,70.77,11.4,0.08,120,77.85,14.71,0.09,138,108.73,16.91,0.13,344,174.38,42.16,0.19,214,75.45,26.23,0.07,624,138,0,13,0,0.02,0,13,0,0.02,0,13,0,0.02,93,70.77,0.11,93,71.95,14.9,0.11,138,108.73,22.12,0.17,185,91.29,29.65,0.13,208,74.46,33.33,0.09,41,31,0,13,0,0.32,0,13,0,0.32,14,25.55,34.15,0.57,0,13,0,0.32,14,25.55,34.15,0.57,0,13,0,0.32,27,23.71,65.85,0.29,0,13,0,0.32,"2020","51","540","000302","Charlottesville"
"51540000401","Census Tract 4.01, Charlottesville city, Virginia",4308,500,59129,15842,101250,20512,18750,11909,1587,160,721,180,750,155,300,125,332,224,198,221,721,180,750,155,59442,25723,10.7,7.1,967,169,129,112,13.34,0.11,46,70,4.76,0.07,110,69.92,11.38,0.07,74,78.09,7.65,0.08,359,168.61,37.13,0.16,137,74.24,14.17,0.07,118,51.08,12.2,0.05,353,113.42,36.5,0.1,559,127,0,13,0,0.02,0,13,0,0.02,37,43.97,6.62,0.08,63,75.13,0.13,100,86.08,17.89,0.15,72,56.34,12.88,0.1,98,49.4,17.53,0.08,289,98.81,51.7,0.13,345,142,129,112,37.39,0.29,46,70,13.33,0.2,73,68.96,21.16,0.18,11,23.85,3.19,0.07,259,150.89,75.07,0.31,65,49.65,18.84,0.12,6,17.03,1.74,0.05,15,26.55,4.35,0.07,"2020","51","540","000401","Charlottesville"
"51540000402","Census Tract 4.02, Charlottesville city, Virginia",4137,406,51959,8530,56700,14102,35858,14967,2212,205,1196,199,932,244,175,114,586,213,59,59,1196,199,932,244,80495,12022,16.7,5.9,877,171,0,13,0,0.01,15,36,1.71,0.04,15,28.18,1.71,0.03,19,34.54,2.17,0.04,49,55.8,5.59,0.06,271,136.04,30.9,0.14,282,113.09,32.16,0.11,275,108.53,31.36,0.11,762,162,0,13,0,0.02,0,13,0,0.02,0,13,0,0.02,0,13,0.02,0,13,0,0.02,256,132.73,33.6,0.16,256,110.68,33.6,0.13,250,101.6,32.81,0.11,87,64,0,13,0,0.15,15,36,17.24,0.39,15,28.18,17.24,0.3,0,13,0,0.15,30,45.72,34.48,0.46,15,29.97,17.24,0.32,26,39.22,29.89,0.39,16,40.16,18.39,0.44,"2020","51","540","000402","Charlottesville"
"51540000501","Census Tract 5.01, Charlottesville city, Virginia",4577,526,44530,15201,73894,9174,35197,12493,1731,181,615,199,1051,189,283,122,493,173,79,56,615,199,1051,189,50000,27605,16.5,5.5,806,181,109,82,13.52,0.1,42,60,5.21,0.07,46,46.53,5.71,0.06,97,86.45,12.03,0.1,294,141.29,36.48,0.15,153,75.48,18.98,0.08,188,101.6,23.33,0.11,171,83.78,21.22,0.09,282,104,28,35,9.93,0.12,0,13,0,0.05,6,15.81,2.13,0.06,9,19.85,0.07,43,41.23,15.25,0.13,13,22.56,4.61,0.08,137,85.09,48.58,0.24,89,51.23,31.56,0.14,448,152,67,71,14.96,0.15,42,60,9.38,0.13,40,44.55,8.93,0.09,88,85,19.64,0.18,237,133.61,52.9,0.24,106,68.1,23.66,0.13,32,33.38,7.14,0.07,73,62.83,16.29,0.13,"2020","51","540","000501","Charlottesville"
"51540000502","Census Tract 5.02, Charlottesville city, Virginia",5144,543,96250,22109,97708,19596,96184,81398,2214,219,872,207,1161,210,231,151,173,117,102,100,872,207,1161,210,127515,12003,4.8,3.2,1173,237,49,53,4.18,0.04,0,18,0,0.02,0,18,0,0.02,28,46.62,2.39,0.04,77,70.58,6.56,0.06,143,94.84,12.19,0.08,216,97.58,18.41,0.07,737,221.51,62.83,0.14,937,206,49,53,5.23,0.06,0,18,0,0.02,0,18,0,0.02,26,44.78,0.05,75,69.38,8,0.07,100,84.02,10.67,0.09,192,89.81,20.49,0.08,570,178.71,60.83,0.14,139,70,0,18,0,0.13,0,18,0,0.13,0,18,0,0.13,2,18.44,1.44,0.13,2,18.44,1.44,0.13,25,38.13,17.99,0.26,24,40.25,17.27,0.28,88,83.79,63.31,0.51,"2020","51","540","000502","Charlottesville"
"51540000600","Census Tract 6, Charlottesville city, Virginia",3571,344,22983,5125,34038,16179,17008,12838,1452,174,96,52,1179,163,74,46,69,64,66,39,96,52,1179,163,35577,26186,6.5,5.9,288,84,24,31,8.33,0.1,32,38,11.11,0.13,78,67.8,27.08,0.22,4,14.76,1.39,0.05,138,84.97,47.92,0.26,36,36.85,12.5,0.12,51,44.41,17.71,0.15,63,46.14,21.88,0.15,181,76,24,31,13.26,0.16,13,20,7.18,0.11,4,15.26,2.21,0.08,0,13,0.07,41,39.92,22.65,0.2,26,32.7,14.36,0.17,51,44.41,28.18,0.21,63,46.14,34.81,0.21,84,47,0,13,0,0.15,0,13,0,0.15,74,67.01,88.1,0.63,0,13,0,0.15,74,68.26,88.1,0.65,10,21.4,11.9,0.25,0,13,0,0.15,0,13,0,0.15,"2020","51","540","000600","Charlottesville"
"51540000700","Census Tract 7, Charlottesville city, Virginia",4512,388,75938,22261,81905,28069,NA,NA,1859,172,828,98,823,150,38,54,56,58,67,50,828,98,823,150,171250,22144,2.3,2.4,653,97,20,26,3.06,0.04,0,13,0,0.02,8,18.38,1.23,0.03,5,15.81,0.77,0.02,33,33.09,5.05,0.05,32,29.9,4.9,0.05,51,40.46,7.81,0.06,537,112.73,82.24,0.12,642,99,20,26,3.12,0.04,0,13,0,0.02,8,18.38,1.25,0.03,5,15.81,0.02,33,33.09,5.14,0.05,32,29.9,4.98,0.05,51,40.46,7.94,0.06,526,111.52,81.93,0.12,7,15,0,13,0,1.86,0,13,0,1.86,0,13,0,1.86,0,13,0,1.86,0,13,0,1.86,0,13,0,1.86,0,13,0,1.86,7,19.85,100,1.86,"2020","51","540","000700","Charlottesville"
"51540000800","Census Tract 8, Charlottesville city, Virginia",3408,382,90208,25681,103511,12181,43672,9712,1577,159,971,162,480,118,117,79,239,114,31,34,971,162,480,118,102979,17305,8.4,3.9,920,170,0,13,0,0.01,46,50,5,0.05,51,51.66,5.54,0.06,54,40,5.87,0.04,151,82.27,16.41,0.08,138,79.84,15,0.08,162,67.68,17.61,0.07,469,138.08,50.98,0.12,771,148,0,13,0,0.02,46,50,5.97,0.06,44,50.7,5.71,0.06,38,30,0.04,128,77.27,16.6,0.1,57,38.87,7.39,0.05,155,66.04,20.1,0.08,431,129.02,55.9,0.13,100,75,0,13,0,0.13,0,13,0,0.13,0,13,0,0.13,16,29.07,16,0.26,16,29.07,16,0.26,70,69.19,70,0.45,0,13,0,0.13,14,24.7,14,0.22,"2020","51","540","000800","Charlottesville"
"51540000900","Census Tract 9, Charlottesville city, Virginia",2134,269,82404,19808,90577,17440,69531,8735,1079,98,571,89,313,79,15,19,131,100,39,34,571,89,313,79,105625,32506,7.5,5.7,440,89,0,13,0,0.03,0,13,0,0.03,0,13,0,0.03,0,13,0,0.03,0,13,0,0.03,92,50.23,20.91,0.11,107,54.82,24.32,0.11,241,93.01,54.77,0.18,395,91,0,13,0,0.03,0,13,0,0.03,0,13,0,0.03,0,13,0.03,0,13,0,0.03,66,41.21,16.71,0.1,88,48.08,22.28,0.11,241,93.01,61.01,0.19,19,24,0,13,0,0.68,0,13,0,0.68,0,13,0,0.68,0,13,0,0.68,0,13,0,0.68,0,13,0,0.68,19,27.29,100,0.68,0,13,0,0.68,"2020","51","540","000900","Charlottesville"
"51540001000","Census Tract 10, Charlottesville city, Virginia",3702,662,90692,8407,91385,7782,50833,1647,2169,279,587,163,1371,279,51,38,67,41,25,27,587,163,1371,279,118446,15951,2.3,1.4,955,293,0,13,0,0.01,12,18,1.26,0.02,22,36.4,2.3,0.04,46,53.01,4.82,0.05,80,66.78,8.38,0.07,68,46.67,7.12,0.04,223,161.21,23.35,0.15,584,239.43,61.15,0.17,946,297,0,13,0,0.01,12,18,1.27,0.02,22,36.4,2.33,0.04,46,53.01,0.05,80,66.78,8.46,0.07,68,46.67,7.19,0.04,223,161.21,23.57,0.15,575,239.19,60.78,0.17,1,5,0,13,0,13,0,13,0,13,0,13,0,13,0,13,0,13,0,13,0,13,0,13,0,13,0,13,0,13,1,13.93,100,13,"2020","51","540","001000","Charlottesville"
"51109950101","Census Tract 9501.01, Louisa County, Virginia",2558,581,88951,10705,87946,11732,NA,NA,1514,150,885,211,154,93,0,13,70,67,0,13,885,211,154,93,94262,31615,3.8,3.6,730,151,0,13,0,0.02,0,13,0,0.02,0,13,0,0.02,14,27.29,1.92,0.04,14,27.29,1.92,0.04,130,91.97,17.81,0.12,239,97.86,32.74,0.12,347,140.84,47.53,0.17,730,151,0,13,0,0.02,0,13,0,0.02,0,13,0,0.02,14,27.29,0.04,14,27.29,1.92,0.04,130,91.97,17.81,0.12,239,97.86,32.74,0.12,347,140.84,47.53,0.17,0,13,0,13,NA,NA,0,13,NA,NA,0,13,NA,NA,0,13,NA,NA,0,13,NA,NA,0,13,NA,NA,0,13,NA,NA,0,13,NA,NA,"2020","51","109","950101","Louisa"
"51109950102","Census Tract 9501.02, Louisa County, Virginia",4671,484,61842,24461,70990,24930,51547,1222,2580,204,1482,177,336,142,260,99,394,134,133,128,1482,177,336,142,69554,23729,11,3.6,1373,172,15,30,1.09,0.02,141,118,10.27,0.08,65,62.23,4.73,0.04,157,121.7,11.43,0.09,378,183.05,27.53,0.13,247,104.84,17.99,0.07,319,137.77,23.23,0.1,429,149.6,31.25,0.1,1043,160,15,30,1.44,0.03,46,51,4.41,0.05,65,62.23,6.23,0.06,131,112.75,0.11,257,141.73,24.64,0.13,146,81.68,14,0.08,294,134.24,28.19,0.12,346,134.42,33.17,0.12,220,70,0,13,0,0.06,33,47,15,0.21,0,13,0,0.06,26,46.84,11.82,0.21,59,66.36,26.82,0.29,101,78.09,45.91,0.32,25,41.11,11.36,0.18,35,45.29,15.91,0.2,"2020","51","109","950102","Louisa"
"51109950201","Census Tract 9502.01, Louisa County, Virginia",5515,536,46603,3578,52137,8919,30457,5664,2453,239,1312,181,978,230,309,104,643,162,224,193,1312,181,978,230,58942,18727,16.2,3.7,1427,246,23,31,1.61,0.02,13,13,0.91,0.01,163,82.62,11.42,0.05,183,86.98,12.82,0.06,382,124.58,26.77,0.07,337,170.12,23.62,0.11,371,115.11,26,0.07,337,87.02,23.62,0.05,1044,206,5,5,0.48,0,7,9,0.67,0.01,74,60.21,7.09,0.06,89,54.92,0.05,175,82.14,16.76,0.07,243,162.3,23.28,0.15,320,109.77,30.65,0.09,306,88.17,29.31,0.06,318,104,18,30,5.66,0.09,6,9,1.89,0.03,89,54.2,27.99,0.14,51,50,16.04,0.15,164,80.12,51.57,0.19,72,45.2,22.64,0.12,51,42.52,16.04,0.12,31,31.87,9.75,0.1,"2020","51","109","950201","Louisa"
"51109950202","Census Tract 9502.02, Louisa County, Virginia",4509,487,73148,8808,73261,6011,54507,37010,2269,236,1410,225,321,131,222,108,441,162,191,72,1410,225,321,131,76978,19425,13.5,4.8,1188,182,47,29,3.96,0.02,27,35,2.27,0.03,40,28.6,3.37,0.02,42,26.93,3.54,0.02,156,60.07,13.13,0.05,223,100.51,18.77,0.08,345,131.5,29.04,0.1,464,146.69,39.06,0.11,945,156,42,29,4.44,0.03,4,7,0.42,0.01,40,28.6,4.23,0.03,39,24.41,0.02,125,48,13.23,0.05,171,83.86,18.1,0.08,327,137,34.6,0.13,322,117.4,34.07,0.11,189,101,0,13,0,0.07,23,34,12.17,0.17,0,13,0,0.07,3,14.32,1.59,0.08,26,36.89,13.76,0.18,52,58.4,27.51,0.27,0,13,0,0.07,111,82.16,58.73,0.3,"2020","51","109","950202","Louisa"
"51109950301","Census Tract 9503.01, Louisa County, Virginia",3641,475,103882,21343,107266,21071,NA,NA,1376,166,1178,144,121,87,11,29,244,173,25,29,1178,144,121,87,102829,19878,9.5,6.7,1073,133,11,29,1.03,0.03,9,18,0.84,0.02,0,13,0,0.01,30,36.4,2.8,0.03,50,49.9,4.66,0.05,231,128.96,21.53,0.12,253,108.81,23.58,0.1,539,157.14,50.23,0.13,923,121,11,29,1.19,0.03,0,13,0,0.01,0,13,0,0.01,30,36.4,0.04,41,46.54,4.44,0.05,178,109.11,19.28,0.12,226,101.21,24.49,0.1,478,149,51.79,0.15,150,80,0,13,0,0.09,9,18,6,0.12,0,13,0,0.09,0,13,0,0.09,9,22.2,6,0.14,53,69.23,35.33,0.42,27,35.23,18,0.21,61,58.73,40.67,0.33,"2020","51","109","950301","Louisa"
"51109950302","Census Tract 9503.02, Louisa County, Virginia",3063,565,61442,31022,62969,26498,NA,NA,1720,253,978,241,297,172,72,69,237,97,24,30,978,241,297,172,90045,28382,11.2,4.1,1009,251,27,37,2.68,0.04,0,13,0,0.01,126,101.83,12.49,0.1,66,52.01,6.54,0.05,219,120.18,21.7,0.11,145,86.19,14.37,0.08,312,134.62,30.92,0.11,333,197.36,33,0.18,825,241,27,37,3.27,0.04,0,13,0,0.02,89,86.98,10.79,0.1,66,52.01,0.06,182,107.88,22.06,0.11,145,86.19,17.58,0.09,173,96.26,20.97,0.1,325,196.4,39.39,0.21,147,85,0,13,0,0.09,0,13,0,0.09,0,13,0,0.09,0,13,0,0.09,0,13,0,0.09,0,13,0,0.09,139,85,94.56,0.19,8,19.85,5.44,0.13,"2020","51","109","950302","Louisa"
"51109950303","Census Tract 9503.03, Louisa County, Virginia",3210,561,61744,9597,61163,8913,NA,NA,1517,191,858,220,224,101,157,169,275,164,97,75,858,220,224,101,63051,17413,12.8,7.4,840,201,0,13,0,0.02,0,13,0,0.02,133,160.23,15.83,0.19,38,46.84,4.52,0.05,171,166.93,20.36,0.19,236,110.92,28.1,0.11,267,122.32,31.79,0.12,166,88.75,19.76,0.09,796,204,0,13,0,0.02,0,13,0,0.02,133,160.23,16.71,0.2,38,46.84,0.06,171,166.93,21.48,0.2,224,108.88,28.14,0.12,242,119.85,30.4,0.13,159,88.07,19.97,0.1,37,36,0,13,0,0.35,0,13,0,0.35,0,13,0,0.35,0,13,0,0.35,0,13,0,0.35,12,23.85,32.43,0.56,25,39.22,67.57,0.83,0,13,0,0.35,"2020","51","109","950303","Louisa"
"51109950400","Census Tract 9504, Louisa County, Virginia",3150,357,59503,9811,60481,11631,NA,NA,1317,148,1055,141,164,81,142,77,349,215,67,70,1055,141,164,81,70000,26089,15,9.1,966,138,35,42,3.62,0.04,8,13,0.83,0.01,49,49.19,5.07,0.05,106,80.78,10.97,0.08,198,104.3,20.5,0.1,228,120.92,23.6,0.12,275,107.15,28.47,0.1,265,91.62,27.43,0.09,606,137,0,13,0,0.02,8,13,1.32,0.02,0,13,0,0.02,75,67.36,0.11,83,69.82,13.7,0.11,156,99.12,25.74,0.15,194,80.26,32.01,0.11,173,70.9,28.55,0.1,329,81,35,42,10.64,0.12,0,13,0,0.04,49,49.19,14.89,0.14,31,48.76,9.42,0.15,115,81.01,34.95,0.23,58,68.37,17.63,0.2,71,74.15,21.58,0.22,85,61.31,25.84,0.18,"2020","51","109","950400","Louisa"
"51109950500","Census Tract 9505, Louisa County, Virginia",6337,688,66115,7382,69041,6626,NA,NA,2880,276,2249,254,381,188,342,183,440,172,73,82,2249,254,381,188,93456,11918,9.1,3.4,1643,260,41,41,2.5,0.02,18,30,1.1,0.02,56,73.25,3.41,0.04,108,93.86,6.57,0.06,223,129.44,13.57,0.08,221,126.54,13.45,0.07,488,169.78,29.7,0.09,711,206.84,43.27,0.11,1527,250,34,38,2.23,0.02,18,30,1.18,0.02,56,73.25,3.67,0.05,108,93.86,0.06,216,128.53,14.15,0.08,221,126.54,14.47,0.08,393,146.66,25.74,0.09,697,205.25,45.65,0.11,92,66,7,16,7.61,0.17,0,18,0,0.2,0,18,0,0.2,0,18,0,0.2,7,24.08,7.61,0.26,0,18,0,0.2,75,69.66,81.52,0.48,10,25.46,10.87,0.27,"2020","51","109","950500","Louisa"
"51125950101","Census Tract 9501.01, Nelson County, Virginia",3233,461,53579,9325,53425,11871,55511,40267,1817,179,1139,222,228,126,155,89,453,167,40,46,1139,222,228,126,67841,31573,20.7,7.1,927,181,85,88,9.17,0.09,11,18,1.19,0.02,0,13,0,0.01,122,76.54,13.16,0.08,218,118.72,23.52,0.12,227,137.41,24.49,0.14,298,144.37,32.15,0.14,184,87.97,19.85,0.09,795,180,85,88,10.69,0.11,11,18,1.38,0.02,0,13,0,0.02,112,71.87,0.08,208,115.77,26.16,0.13,189,128.23,23.77,0.15,214,140.52,26.92,0.17,184,87.97,23.14,0.1,132,68,0,13,0,0.1,0,13,0,0.1,0,13,0,0.1,10,27.29,7.58,0.2,10,27.29,7.58,0.2,38,47.61,28.79,0.33,84,73.16,63.64,0.45,0,13,0,0.1,"2020","51","125","950101","Nelson"
"51125950102","Census Tract 9501.02, Nelson County, Virginia",2257,339,44167,37462,71691,18369,16045,1729,1208,177,614,145,202,139,255,131,534,207,74,88,614,145,202,139,67656,23300,33.8,12.1,612,159,22,36,3.59,0.06,0,13,0,0.02,151,141.6,24.67,0.22,35,46.07,5.72,0.07,208,153.19,33.99,0.23,56,47.56,9.15,0.07,157,84.81,25.65,0.12,191,91.14,31.21,0.12,473,114,22,36,4.65,0.08,0,13,0,0.03,35,57.49,7.4,0.12,12,24.7,0.05,69,71.01,14.59,0.15,56,47.56,11.84,0.1,157,84.81,33.19,0.16,191,91.14,40.38,0.17,139,140,0,13,0,0.09,0,13,0,0.09,116,136.62,83.45,0.51,23,43.01,16.55,0.26,139,142.64,100,0.2,0,13,0,0.09,0,13,0,0.09,0,13,0,0.09,"2020","51","125","950102","Nelson"
"51125950201","Census Tract 9502.01, Nelson County, Virginia",2232,300,68125,25959,71010,24325,31780,12621,1425,211,848,168,216,130,65,54,229,135,29,33,848,168,216,130,85833,32849,12.5,7.2,680,124,11,21,1.62,0.03,0,13,0,0.02,15,27.29,2.21,0.04,32,36.77,4.71,0.05,58,50.38,8.53,0.07,200,133.04,29.41,0.19,135,79.51,19.85,0.11,287,127.57,42.21,0.17,649,126,11,21,1.69,0.03,0,13,0,0.02,15,27.29,2.31,0.04,32,36.77,0.06,58,50.38,8.94,0.08,169,128.89,26.04,0.19,135,79.51,20.8,0.12,287,127.57,44.22,0.18,31,28,0,13,0,0.42,0,13,0,0.42,0,13,0,0.42,0,13,0,0.42,0,13,0,0.42,31,37.91,100,0.82,0,13,0,0.42,0,13,0,0.42,"2020","51","125","950201","Nelson"
"51125950202","Census Tract 9502.02, Nelson County, Virginia",2841,496,95250,33347,105455,18295,NA,NA,3130,243,1039,183,209,116,18,29,108,85,21,33,1039,183,209,116,105938,14912,4.9,3.8,961,177,37,50,3.85,0.05,0,13,0,0.01,0,13,0,0.01,26,34.54,2.71,0.04,63,60.77,6.56,0.06,85,67.75,8.84,0.07,304,124.63,31.63,0.12,509,156.36,52.97,0.13,879,169,37,50,4.21,0.06,0,13,0,0.01,0,13,0,0.01,26,34.54,0.04,63,60.77,7.17,0.07,85,67.75,9.67,0.07,236,111.76,26.85,0.12,495,154.51,56.31,0.14,41,60,0,13,0,0.32,0,13,0,0.32,0,13,0,0.32,0,13,0,0.32,0,13,0,0.32,0,13,0,0.32,41,61.39,100,0.32,0,13,0,0.32,"2020","51","125","950202","Nelson"
"51125950300","Census Tract 9503, Nelson County, Virginia",4249,469,53568,12011,52159,11552,70208,52656,2639,264,1165,156,738,249,304,196,310,119,33,32,1165,156,738,249,69871,13831,9.4,3.4,1192,197,20,24,1.68,0.02,38,39,3.19,0.03,20,22.8,1.68,0.02,187,164.48,15.69,0.14,265,172.25,22.23,0.14,183,82.7,15.35,0.06,348,123,29.19,0.09,396,134.83,33.22,0.1,913,170,9,12,0.99,0.01,19,22,2.08,0.02,20,22.8,2.19,0.02,187,164.48,0.18,235,167.93,25.74,0.18,129,65.99,14.13,0.07,285,106.96,31.22,0.1,264,93.63,28.92,0.09,271,92,11,22,4.06,0.08,19,29,7.01,0.1,0,13,0,0.05,0,13,0,0.05,30,38.65,11.07,0.14,46,48.73,16.97,0.17,63,64.66,23.25,0.23,132,100.57,48.71,0.33,"2020","51","125","950300","Nelson"
"51065020101","Census Tract 201.01, Fluvanna County, Virginia",6622,730,86114,5331,86269,5452,76458,47921,2115,223,1668,229,301,128,34,35,601,167,26,32,1668,229,301,128,88355,12011,12.1,3.2,1529,246,26,19,1.7,0.01,0,18,0,0.01,10,24.08,0.65,0.02,19,24.52,1.24,0.02,55,39.27,3.6,0.03,348,171.78,22.76,0.11,497,201.07,32.5,0.12,629,176.41,41.14,0.09,1298,227,12,18,0.92,0.01,0,18,0,0.01,10,24.08,0.77,0.02,17,30,0.02,39,38.47,3,0.03,261,156.9,20.11,0.12,469,185.33,36.13,0.13,529,151.61,40.76,0.09,206,89,0,18,0,0.09,0,18,0,0.09,0,18,0,0.09,0,18,0,0.09,0,18,0,0.09,85,65.84,41.26,0.27,28,39.36,13.59,0.18,93,84.4,45.15,0.36,"2020","51","065","020101","Fluvanna"
"51065020103","Census Tract 201.03, Fluvanna County, Virginia",3490,444,77070,19890,76367,20262,86316,73950,1582,185,1207,226,244,136,61,64,124,90,0,13,1207,226,244,136,92955,16567,4.6,3.3,900,168,0,13,0,0.01,0,13,0,0.01,51,51.62,5.67,0.06,52,42.2,5.78,0.05,103,67.93,11.44,0.07,126,84.36,14,0.09,280,128.8,31.11,0.13,391,175.77,43.44,0.18,790,172,0,13,0,0.02,0,13,0,0.02,51,51.62,6.46,0.06,41,36.8,0.05,92,64.71,11.65,0.08,59,47.27,7.47,0.06,261,122.59,33.04,0.14,378,175.16,47.85,0.2,82,64,0,13,0,0.16,0,13,0,0.16,0,13,0,0.16,11,23.85,13.41,0.27,11,23.85,13.41,0.27,52,66.29,63.41,0.64,19,34.54,23.17,0.38,0,13,0,0.16,"2020","51","065","020103","Fluvanna"
"51065020104","Census Tract 201.04, Fluvanna County, Virginia",6324,592,79590,6296,79114,7096,109338,57278,2564,176,2233,194,195,106,26,32,105,84,76,76,2233,194,195,106,89013,17367,2.4,1.9,1784,209,0,18,0,0.01,0,18,0,0.01,111,77.47,6.22,0.04,67,54.67,3.76,0.03,178,96.51,9.98,0.05,114,74.88,6.39,0.04,663,190.56,37.16,0.1,829,211.07,46.47,0.11,1663,199,0,18,0,0.01,0,18,0,0.01,111,77.47,6.67,0.05,48,39.36,0.02,159,88.74,9.56,0.05,114,74.88,6.86,0.04,626,187.28,37.64,0.1,764,202.37,45.94,0.11,99,30,0,18,0,0.18,0,18,0,0.18,0,18,0,0.18,0,18,0,0.18,0,18,0,0.18,0,18,0,0.18,37,46.62,37.37,0.46,62,56.09,62.63,0.53,"2020","51","065","020104","Fluvanna"
"51065020200","Census Tract 202, Fluvanna County, Virginia",4986,595,65802,22111,70808,9550,34441,9495,2390,193,1483,195,534,193,61,52,240,150,7,12,1483,195,534,193,71081,13188,6.4,3.9,1356,212,30,45,2.21,0.03,0,13,0,0.01,33,52.63,2.43,0.04,40,41.77,2.95,0.03,103,80.87,7.6,0.06,424,196.9,31.27,0.14,405,129.32,29.87,0.08,424,162.07,31.27,0.11,1083,186,30,45,2.77,0.04,0,13,0,0.01,0,13,0,0.01,29,32.02,0.03,59,56.74,5.45,0.05,377,191.01,34.81,0.17,308,109.66,28.44,0.09,339,132.85,31.3,0.11,217,83,0,13,0,0.06,0,13,0,0.06,33,52.63,15.21,0.24,11,24.7,5.07,0.11,44,56.67,20.28,0.25,47,48.67,21.66,0.21,41,49.52,18.89,0.22,85,79.18,39.17,0.33,"2020","51","065","020200","Fluvanna"
"51065020300","Census Tract 203, Fluvanna County, Virginia",5451,724,87759,13623,86250,13964,77262,41216,2397,232,1624,246,478,172,101,94,417,168,171,139,1624,246,478,172,94943,7595,10.4,4.1,1562,248,49,52,3.14,0.03,12,19,0.77,0.01,10,24.08,0.64,0.02,49,44.42,3.14,0.03,120,74.95,7.68,0.05,201,101.51,12.87,0.06,551,189.69,35.28,0.11,690,222.44,44.17,0.12,1330,236,26,32,1.95,0.02,12,19,0.9,0.01,0,18,0,0.01,49,44.42,0.03,87,60.68,6.54,0.04,201,101.51,15.11,0.07,429,159.3,32.26,0.11,613,213.88,46.09,0.14,186,130,23,41,12.37,0.2,0,18,0,0.1,10,24.08,5.38,0.12,0,18,0,0.1,33,47.55,17.74,0.22,0,18,0,0.1,115,123.23,61.83,0.5,38,50.34,20.43,0.23,"2020","51","065","020300","Fluvanna"
"51003010100","Census Tract 101, Albemarle County, Virginia",4710,642,87000,24390,95000,26674,NA,NA,2221,283,1655,272,333,142,76,66,299,159,69,55,1655,272,333,142,116518,46317,8.2,4.2,1431,311,10,17,0.7,0.01,0,13,0,0.01,15,29.07,1.05,0.02,18,31.78,1.26,0.02,43,44.44,3,0.03,182,124.02,12.72,0.08,440,263.58,30.75,0.17,766,167.42,53.53,0.01,1431,311,10,17,0.7,0.01,0,13,0,0.01,15,29.07,1.05,0.02,18,31.78,0.02,43,44.44,3,0.03,182,124.02,12.72,0.08,440,263.58,30.75,0.17,766,167.42,53.53,0.01,0,13,0,13,NA,NA,0,13,NA,NA,0,13,NA,NA,0,13,NA,NA,0,13,NA,NA,0,13,NA,NA,0,13,NA,NA,0,13,NA,NA,"2020","51","003","010100","Albemarle"
"51003010201","Census Tract 102.01, Albemarle County, Virginia",5395,527,89410,13084,96250,14196,48789,29396,1967,149,1701,192,194,96,39,39,124,79,105,67,1701,192,194,96,101549,8551,3.6,2.3,1463,159,6,11,0.41,0.01,0,18,0,0.01,9,23.43,0.62,0.02,40,39.12,2.73,0.03,55,46.9,3.76,0.03,178,80.72,12.17,0.05,470,158.4,32.13,0.1,760,162.89,51.95,0.1,1366,162,0,18,0,0.01,0,18,0,0.01,9,23.43,0.66,0.02,39,39.12,0.03,48,45.6,3.51,0.03,166,77.83,12.15,0.06,439,156.03,32.14,0.11,713,159.64,52.2,0.1,37,31,0,18,0,0.49,0,18,0,0.49,0,18,0,0.49,0,18,0,0.49,0,18,0,0.49,0,18,0,0.49,25,35.85,67.57,0.79,12,26.17,32.43,0.65,"2020","51","003","010201","Albemarle"
"51003010202","Census Tract 102.02, Albemarle County, Virginia",3021,400,120050,18687,117054,16628,NA,NA,1303,120,1037,121,128,63,13,18,81,62,13,16,1037,121,128,63,138315,23511,3.7,2.8,895,117,18,19,2.01,0.02,0,13,0,0.01,6,17.03,0.67,0.02,9,19.1,1.01,0.02,33,29.1,3.69,0.03,91,112.96,10.17,0.13,130,55.17,14.53,0.06,641,120.06,71.62,0.1,844,124,18,19,2.13,0.02,0,13,0,0.02,0,13,0,0.02,9,19.1,0.02,27,26.94,3.2,0.03,91,112.96,10.78,0.13,116,50.61,13.74,0.06,610,115.32,72.27,0.09,6,11,0,13,0,2.17,0,13,0,2.17,6,17.03,100,2.17,0,13,0,2.17,6,17.03,100,2.17,0,13,0,2.17,0,13,0,2.17,0,13,0,2.17,"2020","51","003","010202","Albemarle"
"51003010301","Census Tract 103.01, Albemarle County, Virginia",2025,493,106359,13185,104750,17794,143882,46641,672,115,528,130,109,57,51,34,157,121,39,60,528,130,109,57,111210,33980,11.5,8.5,504,129,47,37,9.33,0.07,30,41,5.95,0.08,0,13,0,0.03,17,27.29,3.37,0.05,94,61.6,18.65,0.11,34,40.16,6.75,0.08,71,76.4,14.09,0.15,305,140.54,60.52,0.23,410,134,39,27,9.51,0.06,18,32,4.39,0.08,0,13,0,0.03,17,27.29,0.07,74,49.98,18.05,0.11,34,40.16,8.29,0.09,58,74.46,14.15,0.18,244,128.28,59.51,0.25,47,50,0,13,0,0.28,0,13,0,0.28,0,13,0,0.28,0,13,0,0.28,0,13,0,0.28,0,13,0,0.28,13,25.55,27.66,0.46,34,46.08,72.34,0.61,"2020","51","003","010301","Albemarle"
"51003010302","Census Tract 103.02, Albemarle County, Virginia",1342,127,116875,79070,116648,90314,NA,NA,413,38,315,67,98,56,0,13,12,20,34,49,315,67,98,56,156765,68689,1.5,2.6,352,61,0,13,0,0.04,0,13,0,0.04,0,13,0,0.04,33,50.7,9.38,0.14,33,50.7,9.38,0.14,0,13,0,0.04,96,59.46,27.27,0.16,223,88.74,63.35,0.23,322,75,0,13,0,0.04,0,13,0,0.04,0,13,0,0.04,33,50.7,0.16,33,50.7,10.25,0.16,0,13,0,0.04,83,53.82,25.78,0.16,206,83.7,63.98,0.21,17,28,0,13,0,0.76,0,13,0,0.76,0,13,0,0.76,0,13,0,0.76,0,13,0,0.76,0,13,0,0.76,0,13,0,0.76,17,30.87,100,0.76,"2020","51","003","010302","Albemarle"
"51003010303","Census Tract 103.03, Albemarle County, Virginia",5400,682,95229,10004,92168,9691,175268,141553,2099,164,1624,171,437,102,46,42,367,295,101,96,1624,171,437,102,119688,20994,9.4,7.5,1478,192,0,18,0,0.01,0,18,0,0.01,0,18,0,0.01,13,27.66,0.88,0.02,13,27.66,0.88,0.02,203,114.2,13.73,0.08,346,114.83,23.41,0.07,916,217.06,61.98,0.12,1262,204,0,18,0,0.01,0,18,0,0.01,0,18,0,0.01,13,27.66,0.02,13,27.66,1.03,0.02,193,112.79,15.29,0.09,302,113.74,23.93,0.08,754,203.94,59.75,0.13,50,41,0,18,0,0.36,0,18,0,0.36,0,18,0,0.36,0,18,0,0.36,0,18,0,0.36,10,25.46,20,0.48,0,18,0,0.36,40,44.94,80,0.61,"2020","51","003","010303","Albemarle"
"51003010401","Census Tract 104.01, Albemarle County, Virginia",4264,600,88902,15978,106313,36187,49625,19013,2214,290,1442,308,461,139,39,39,281,95,37,30,1442,308,461,139,123158,42210,8.4,2.6,1278,310,18,20,1.41,0.02,9,13,0.7,0.01,93,76.32,7.28,0.06,10,22.2,0.78,0.02,130,82.99,10.17,0.06,132,67.07,10.33,0.05,242,91.59,18.94,0.06,774,295.83,60.56,0.18,1209,309,18,20,1.49,0.02,9,13,0.74,0.01,53,45.18,4.38,0.04,10,22.2,0.02,90,55.7,7.44,0.04,116,62.41,9.59,0.05,242,91.59,20.02,0.06,761,295.17,62.94,0.18,61,67,0,13,0,0.21,0,13,0,0.21,40,62.37,65.57,0.73,0,13,0,0.21,40,62.37,65.57,0.73,16,28.18,26.23,0.36,0,13,0,0.21,5,15.26,8.2,0.23,"2020","51","003","010401","Albemarle"
"51003010402","Census Tract 104.02, Albemarle County, Virginia",3028,424,96375,16254,101544,15235,NA,NA,1535,166,1189,140,196,119,0,13,157,97,64,53,1189,140,196,119,107500,21938,6.6,4,1090,174,0,13,0,0.01,19,27,1.74,0.02,2,13.34,0.18,0.01,97,72.2,8.9,0.06,118,78.23,10.83,0.07,231,122.55,21.19,0.11,148,62.17,13.58,0.05,593,129.72,54.4,0.08,946,173,0,13,0,0.01,19,27,2.01,0.03,2,13.34,0.21,0.01,65,58.05,0.06,86,65.4,9.09,0.07,169,107.51,17.86,0.11,133,58.59,14.06,0.06,558,130.73,58.99,0.09,32,44,0,13,0,0.41,0,13,0,0.41,0,13,0,0.41,32,45.88,100,0.41,32,45.88,100,0.41,0,13,0,0.41,0,13,0,0.41,0,13,0,0.41,"2020","51","003","010402","Albemarle"
"51003010501","Census Tract 105.01, Albemarle County, Virginia",2663,438,119722,26743,105943,24605,201062,485,1068,192,883,191,171,97,84,81,97,93,68,74,883,191,171,97,130931,21627,5,4.7,791,192,0,13,0,0.02,14,24,1.77,0.03,0,13,0,0.02,14,26.42,1.77,0.03,28,35.69,3.54,0.04,101,88.68,12.77,0.11,110,89.83,13.91,0.11,552,191.86,69.79,0.17,592,163,0,13,0,0.02,14,24,2.36,0.04,0,13,0,0.02,14,26.42,0.04,28,35.69,4.73,0.06,101,88.68,17.06,0.14,107,88.46,18.07,0.14,356,135.95,60.14,0.16,84,88,0,13,0,0.15,0,13,0,0.15,0,13,0,0.15,0,13,0,0.15,0,13,0,0.15,0,13,0,0.15,3,18.38,3.57,0.22,81,81.33,96.43,1.4,"2020","51","003","010501","Albemarle"
"51003010502","Census Tract 105.02, Albemarle County, Virginia",3217,415,75615,12625,80703,16354,41372,29710,2018,235,505,157,1394,283,139,82,183,140,19,42,505,157,1394,283,75833,18979,6.7,5.1,856,265,5,9,0.58,0.01,0,13,0,0.02,17,29.97,1.99,0.03,124,142.59,14.49,0.16,146,145.41,17.06,0.16,117,119.07,13.67,0.13,272,140.09,31.78,0.13,321,161.77,37.5,0.15,473,181,0,13,0,0.03,0,13,0,0.03,17,29.97,3.59,0.06,0,13,0.03,17,29.97,3.59,0.06,18,30.87,3.81,0.06,244,119.67,51.59,0.16,194,107.3,41.01,0.16,367,244,5,9,1.36,0.02,0,13,0,0.04,0,13,0,0.04,124,142.59,33.79,0.32,129,142.88,35.15,0.31,99,115.73,26.98,0.26,28,59.44,7.63,0.15,111,121.7,30.25,0.26,"2020","51","003","010502","Albemarle"
"51003010602","Census Tract 106.02, Albemarle County, Virginia",4469,437,100240,15708,104415,16209,55893,25098,2189,247,1373,236,719,160,12,22,29,30,3,5,1373,236,719,160,123516,25819,0.8,0.9,1039,143,24,27,2.31,0.03,16,18,1.54,0.02,17,23.02,1.64,0.02,35,39.4,3.37,0.04,92,55.99,8.85,0.05,92,55.09,8.85,0.05,151,70.58,14.53,0.06,704,155.04,67.76,0.12,957,150,24,27,2.51,0.03,16,18,1.67,0.02,17,23.02,1.78,0.02,35,39.4,0.04,92,55.99,9.61,0.06,78,52.11,8.15,0.05,106,61.1,11.08,0.06,681,151.91,71.16,0.11,70,47,0,13,0,0.19,0,13,0,0.19,0,13,0,0.19,0,13,0,0.19,0,13,0,0.19,10,20.62,14.29,0.28,39,36.4,55.71,0.36,21,35.47,30,0.46,"2020","51","003","010602","Albemarle"
"51003010603","Census Tract 106.03, Albemarle County, Virginia",2134,480,42627,14281,41667,17265,NA,NA,1393,302,425,260,781,233,12,20,143,109,0,13,425,260,781,233,68958,26162,9.5,6.9,276,131,0,13,0,0.05,21,37,7.61,0.13,13,25.55,4.71,0.09,18,25.55,6.52,0.09,52,50.06,18.84,0.16,79,68.05,28.62,0.21,103,83.35,37.32,0.24,42,40.68,15.22,0.13,148,77,0,13,0,0.09,0,13,0,0.09,13,25.55,8.78,0.17,0,13,0.09,13,25.55,8.78,0.17,52,54.32,35.14,0.32,41,43.17,27.7,0.25,42,40.68,28.38,0.23,74,69,0,13,0,0.18,21,37,28.38,0.42,0,13,0,0.18,0,13,0,0.18,21,39.22,28.38,0.46,27,44.92,36.49,0.5,26,43.97,35.14,0.5,0,13,0,0.18,"2020","51","003","010603","Albemarle"
"51079030101","Census Tract 301.01, Greene County, Virginia",3804,505,58625,8725,61319,6148,NA,NA,1963,175,1213,157,309,95,199,85,493,144,40,32,1213,157,309,95,61930,11704,18,4.9,1146,152,18,20,1.57,0.02,54,48,4.71,0.04,29,23.71,2.53,0.02,119,67.36,10.38,0.06,220,88.33,19.2,0.07,292,117.49,25.48,0.1,258,89.11,22.51,0.07,376,124.68,32.81,0.1,1008,156,12,17,1.19,0.02,52,49,5.16,0.05,20,17.8,1.98,0.02,119,67.36,0.06,203,86.86,20.14,0.08,215,96.65,21.33,0.09,251,89.83,24.9,0.08,339,112.06,33.63,0.1,101,75,6,10,5.94,0.09,2,4,1.98,0.04,9,20.62,8.91,0.19,0,13,0,0.13,17,23.26,16.83,0.19,49,52.87,48.51,0.38,0,13,0,0.13,35,51.66,34.65,0.44,"2020","51","079","030101","Greene"
"51079030102","Census Tract 301.02, Greene County, Virginia",5007,600,55463,12721,57280,13418,31364,7471,2244,202,1572,226,308,144,237,148,503,197,217,136,1572,226,308,144,67061,16810,14.6,5.5,1303,233,0,18,0,0.01,55,60,4.22,0.05,90,84.31,6.91,0.06,155,110.98,11.9,0.08,300,152.8,23.02,0.11,272,140.37,20.87,0.1,356,136.49,27.32,0.09,375,135.67,28.78,0.09,1136,206,0,18,0,0.02,55,60,4.84,0.05,70,80.05,6.16,0.07,45,43.86,0.04,170,107.74,14.96,0.09,253,138.9,22.27,0.12,349,133.73,30.72,0.1,364,130.18,32.04,0.1,114,113,0,18,0,0.16,0,18,0,0.16,20,36.72,17.54,0.27,75,107.97,65.79,0.69,95,114.04,83.33,0.56,19,32.45,16.67,0.23,0,18,0,0.16,0,18,0,0.16,"2020","51","079","030102","Greene"
"51079030201","Census Tract 302.01, Greene County, Virginia",6949,568,79978,14196,88319,17950,67158,4742,2749,202,2135,214,540,138,108,82,328,132,179,92,2135,214,540,138,103679,8049,7,2.8,1856,234,40,46,2.16,0.02,10,16,0.54,0.01,95,84.91,5.12,0.05,20,25.61,1.08,0.01,165,101.18,8.89,0.05,192,93.15,10.34,0.05,493,155.42,26.56,0.08,1006,273.31,54.2,0.13,1600,234,16,27,1,0.02,10,16,0.62,0.01,68,78,4.25,0.05,20,25.61,0.02,114,87.89,7.12,0.05,187,92.64,11.69,0.06,438,147.41,27.38,0.08,861,264.72,53.81,0.15,130,65,0,18,0,0.14,0,18,0,0.14,0,18,0,0.14,0,18,0,0.14,0,18,0,0.14,0,18,0,0.14,34,58.82,26.15,0.43,96,70.94,73.85,0.4,"2020","51","079","030201","Greene"
"51079030202","Census Tract 302.02, Greene County, Virginia",3974,647,71024,7932,71358,10434,NA,NA,1428,202,1141,218,273,130,81,61,328,161,0,13,1141,218,273,130,70689,25766,11.6,5.5,1067,204,0,13,0,0.01,0,13,0,0.01,77,90.44,7.22,0.08,29,40.16,2.72,0.04,106,98.96,9.93,0.09,230,125.07,21.56,0.11,338,140.89,31.68,0.12,393,160.04,36.83,0.13,1017,202,0,13,0,0.01,0,13,0,0.01,77,90.44,7.57,0.09,29,40.16,0.04,106,98.96,10.42,0.1,216,124.25,21.24,0.11,305,135.96,29.99,0.12,390,160.04,38.35,0.14,25,27,0,13,0,0.52,0,13,0,0.52,0,13,0,0.52,0,13,0,0.52,0,13,0,0.52,14,25.55,56,0.82,8,19.85,32,0.71,3,14.76,12,0.58,"2020","51","079","030202","Greene"
"51003010604","Census Tract 106.04, Albemarle County, Virginia",4362,592,92500,8784,105385,10467,32954,30844,1679,192,1053,195,577,135,193,78,256,193,84,97,1053,195,577,135,96375,9789,8.3,6.1,1231,187,90,49,7.31,0.04,0,13,0,0.01,87,73.5,7.07,0.06,139,110.44,11.29,0.09,316,142.02,25.67,0.11,11,23.02,0.89,0.02,334,138.68,27.13,0.1,570,171.26,46.3,0.12,900,187,0,13,0,0.01,0,13,0,0.01,87,73.5,9.67,0.08,0,13,0.01,87,74.64,9.67,0.08,11,23.02,1.22,0.03,296,128.81,32.89,0.13,506,169.04,56.22,0.15,241,88,90,49,37.34,0.15,0,13,0,0.05,0,13,0,0.05,113,106.79,46.89,0.41,203,117.5,84.23,0.38,0,13,0,0.05,38,53.6,15.77,0.21,0,13,0,0.05,"2020","51","003","010604","Albemarle"
"51003010701","Census Tract 107.01, Albemarle County, Virginia",2887,538,45385,20628,43443,17440,41455,22838,1529,314,259,102,1111,331,80,53,79,77,0,13,259,102,1111,331,68700,15020,3.9,3.7,526,165,2,11,0.38,0.02,0,13,0,0.02,41,48.37,7.79,0.09,58,63.35,11.03,0.12,101,80.46,19.2,0.14,72,62.11,13.69,0.11,213,135.37,40.49,0.22,140,86.06,26.62,0.14,278,130,0,13,0,0.05,0,13,0,0.05,0,13,0,0.05,35,56.52,0.19,35,56.52,12.59,0.19,49,55.37,17.63,0.18,131,102.07,47.12,0.29,63,63.55,22.66,0.2,143,95,0,13,0,0.09,0,13,0,0.09,41,48.37,28.67,0.28,12,25.55,8.39,0.17,53,54.71,37.06,0.29,0,13,0,0.09,63,83.6,44.06,0.51,27,42.06,18.88,0.27,"2020","51","003","010701","Albemarle"
"51003010702","Census Tract 107.02, Albemarle County, Virginia",3418,519,60488,14982,68550,20139,NA,NA,1592,180,661,184,836,204,113,99,280,118,0,13,661,184,836,204,99223,36739,11.2,4.5,543,145,0,13,0,0.02,0,13,0,0.02,9,23.02,1.66,0.04,24,30.87,4.42,0.06,33,36.25,6.08,0.06,130,77.76,23.94,0.13,120,98.23,22.1,0.17,260,121.44,47.88,0.18,355,128,0,13,0,0.04,0,13,0,0.04,0,13,0,0.04,0,13,0.04,0,13,0,0.04,84,69.65,23.66,0.18,78,77.47,21.97,0.2,193,104.52,54.37,0.22,106,80,0,13,0,0.12,0,13,0,0.12,9,23.02,8.49,0.21,0,13,0,0.12,9,23.02,8.49,0.21,19,27.29,17.92,0.22,28,47.17,26.42,0.4,50,66.9,47.17,0.52,"2020","51","003","010702","Albemarle"
"51003010801","Census Tract 108.01, Albemarle County, Virginia",3029,409,69029,8072,87396,29295,45174,31752,1726,171,509,129,1001,175,30,43,125,81,5,12,509,129,1001,175,101917,31519,5.4,3.4,633,141,0,13,0,0.02,0,13,0,0.02,22,36.4,3.48,0.06,22,39.22,3.48,0.06,44,51.9,6.95,0.08,135,81.26,21.33,0.12,126,76.22,19.91,0.11,328,138.95,51.82,0.19,540,146,0,13,0,0.02,0,13,0,0.02,22,36.4,4.07,0.07,22,39.22,0.07,44,51.9,8.15,0.09,76,63.33,14.07,0.11,109,71.59,20.19,0.12,311,136.57,57.59,0.2,0,13,0,13,NA,NA,0,13,NA,NA,0,13,NA,NA,0,13,NA,NA,0,13,NA,NA,0,13,NA,NA,0,13,NA,NA,0,13,NA,NA,"2020","51","003","010801","Albemarle"
"51003010802","Census Tract 108.02, Albemarle County, Virginia",2313,307,63951,24961,80103,17136,NA,NA,1080,137,366,114,617,146,102,108,215,150,14,25,366,114,617,146,82569,26079,13.3,9.1,626,137,20,31,3.19,0.05,0,13,0,0.02,0,13,0,0.02,78,96.88,12.46,0.15,98,101.72,15.65,0.16,31,34.32,4.95,0.05,281,102.45,44.89,0.13,216,96.34,34.5,0.13,420,144,20,31,4.76,0.07,0,13,0,0.03,0,13,0,0.03,23,34.54,0.08,43,46.41,10.24,0.1,0,13,0,0.03,218,133.6,51.9,0.26,159,74.47,37.86,0.12,170,119,0,13,0,0.08,0,13,0,0.08,0,13,0,0.08,55,90.93,32.35,0.48,55,90.93,32.35,0.48,10,19.85,5.88,0.11,63,64.33,37.06,0.28,42,64.33,24.71,0.34,"2020","51","003","010802","Albemarle"
"51003010901","Census Tract 109.01, Albemarle County, Virginia",1838,427,43750,13644,45714,16843,NA,NA,826,116,171,55,569,112,16,17,7,10,23,25,171,55,569,112,75938,35730,0.6,0.9,209,68,5,7,2.39,0.03,0,13,0,0.06,11,13.04,5.26,0.06,7,15.26,3.35,0.07,23,21.26,11,0.1,36,22.18,17.22,0.09,64,54.71,30.62,0.24,86,38.73,41.15,0.13,170,61,5,7,2.94,0.04,0,13,0,0.08,9,12.21,5.29,0.07,7,15.26,0.09,21,20.76,12.35,0.11,33,25,19.41,0.13,37,33.62,21.76,0.18,79,37.22,46.47,0.14,27,46,0,13,0,0.48,0,13,0,0.48,0,13,0,0.48,0,13,0,0.48,0,13,0,0.48,0,13,0,0.48,27,47.8,100,0.48,0,13,0,0.48,"2020","51","003","010901","Albemarle"
"51003010904","Census Tract 109.04, Albemarle County, Virginia",7117,1101,34688,12809,31020,10853,NA,NA,567,113,50,31,487,111,27,40,127,65,104,77,50,31,487,111,53047,15826,15.3,6.5,253,86,30,36,11.86,0.14,3,5,1.19,0.02,0,18,0,0.07,44,36.88,17.39,0.13,77,54.82,30.43,0.19,67,53.34,26.48,0.19,71,48.7,28.06,0.17,38,30.85,15.02,0.11,159,58,30,36,18.87,0.22,0,18,0,0.11,0,18,0,0.11,39,40.25,0.24,69,54,43.4,0.3,28,34.01,17.61,0.2,24,25.5,15.09,0.15,38,30.85,23.9,0.17,0,18,0,18,NA,NA,0,18,NA,NA,0,18,NA,NA,0,18,NA,NA,0,18,NA,NA,0,18,NA,NA,0,18,NA,NA,0,18,NA,NA,"2020","51","003","010904","Albemarle"
"51003011000","Census Tract 110, Albemarle County, Virginia",6674,748,150682,32480,146250,32136,NA,NA,2883,368,2310,350,292,114,61,52,128,111,249,240,2310,350,292,114,190353,36320,2.6,2.2,1799,193,13,20,0.72,0.01,0,18,0,0.01,33,38.6,1.83,0.02,78,64.14,4.34,0.04,124,79.55,6.89,0.04,104,60.57,5.78,0.03,252,105.48,14.01,0.06,1319,223.53,73.32,0.1,1739,198,0,18,0,0.01,0,18,0,0.01,33,38.6,1.9,0.02,78,64.14,0.04,111,76.99,6.38,0.04,104,60.57,5.98,0.03,252,105.48,14.49,0.06,1272,225.69,73.15,0.1,0,18,0,18,NA,NA,0,18,NA,NA,0,18,NA,NA,0,18,NA,NA,0,18,NA,NA,0,18,NA,NA,0,18,NA,NA,0,18,NA,NA,"2020","51","003","011000","Albemarle"
"51003011101","Census Tract 111.01, Albemarle County, Virginia",1993,331,73214,13833,73884,13361,NA,NA,1096,100,671,147,135,78,0,13,76,59,32,41,671,147,135,78,92396,20127,5.3,4,567,107,0,13,0,0.02,0,13,0,0.02,51,68.25,8.99,0.12,10,12.04,1.76,0.02,61,69.3,10.76,0.12,97,63.68,17.11,0.11,170,101.13,29.98,0.17,239,96.51,42.15,0.15,562,108,0,13,0,0.02,0,13,0,0.02,51,68.25,9.07,0.12,10,12.04,0.02,61,69.3,10.85,0.12,92,63.68,16.37,0.11,170,101.13,30.25,0.17,239,96.51,42.53,0.15,0,13,0,13,NA,NA,0,13,NA,NA,0,13,NA,NA,0,13,NA,NA,0,13,NA,NA,0,13,NA,NA,0,13,NA,NA,0,13,NA,NA,"2020","51","003","011101","Albemarle"
"51003011102","Census Tract 111.02, Albemarle County, Virginia",2504,409,108065,33929,105880,45059,NA,NA,1040,192,853,143,187,164,0,13,113,137,0,13,853,143,187,164,119375,38333,6.9,8.3,774,215,0,13,0,0.02,0,13,0,0.02,19,27.2,2.45,0.03,66,74.09,8.53,0.09,85,79.99,10.98,0.1,140,136.39,18.09,0.17,84,54.92,10.85,0.06,465,196.23,60.08,0.19,738,216,0,13,0,0.02,0,13,0,0.02,19,27.2,2.57,0.04,66,74.09,0.1,85,79.99,11.52,0.1,140,136.39,18.97,0.18,84,54.92,11.38,0.07,429,191.47,58.13,0.2,12,21,0,13,0,1.08,0,13,0,1.08,0,13,0,1.08,0,13,0,1.08,0,13,0,1.08,0,13,0,1.08,0,13,0,1.08,12,24.7,100,1.08,"2020","51","003","011102","Albemarle"
"51003011103","Census Tract 111.03, Albemarle County, Virginia",3651,558,125417,34870,122500,32235,NA,NA,1548,140,1083,154,371,132,80,91,71,74,67,88,1083,154,371,132,151158,25586,2.9,3,947,170,0,13,0,0.01,0,13,0,0.01,13,26.42,1.37,0.03,27,42.06,2.85,0.04,40,47.94,4.22,0.05,41,41.7,4.33,0.04,92,61.77,9.71,0.06,774,202.32,81.73,0.16,879,159,0,13,0,0.01,0,13,0,0.01,13,26.42,1.48,0.03,27,42.06,0.05,40,47.94,4.55,0.05,41,41.7,4.66,0.05,78,54.92,8.87,0.06,720,192.6,81.91,0.16,0,13,0,13,NA,NA,0,13,NA,NA,0,13,NA,NA,0,13,NA,NA,0,13,NA,NA,0,13,NA,NA,0,13,NA,NA,0,13,NA,NA,"2020","51","003","011103","Albemarle"
"51003011201","Census Tract 112.01, Albemarle County, Virginia",4388,498,85729,16087,86823,15593,250001,NA,2015,201,1351,210,383,102,7,10,162,72,57,43,1351,210,383,102,102115,25028,5.3,2.3,1234,178,9,16,0.73,0.01,0,13,0,0.01,39,43.97,3.16,0.04,156,127.13,12.64,0.1,204,135.47,16.53,0.11,68,40.9,5.51,0.03,323,95.27,26.18,0.07,639,154.48,51.78,0.1,1160,197,9,16,0.78,0.01,0,13,0,0.01,39,43.97,3.36,0.04,132,122.05,0.1,180,130.71,15.52,0.11,61,40.22,5.26,0.03,323,95.27,27.84,0.07,596,155.86,51.38,0.1,39,52,0,13,0,0.33,0,13,0,0.33,0,13,0,0.33,0,13,0,0.33,0,13,0,0.33,6,16.4,15.38,0.37,0,13,0,0.33,33,52.63,84.62,0.74,"2020","51","003","011201","Albemarle"
"51003011202","Census Tract 112.02, Albemarle County, Virginia",3555,406,131136,24079,130398,36426,NA,NA,1541,165,1259,170,165,56,44,26,167,82,30,24,1259,170,165,56,145357,18162,6.3,3,1030,147,0,13,0,0.01,47,81,4.56,0.08,19,20,1.84,0.02,28,23.71,2.72,0.02,94,87.7,9.13,0.08,75,47.93,7.28,0.05,171,70.68,16.6,0.06,690,145.65,66.99,0.1,921,144,0,13,0,0.01,47,81,5.1,0.09,19,20,2.06,0.02,24,23.71,0.03,90,87.7,9.77,0.09,57,41.01,6.19,0.04,171,70.68,18.57,0.07,603,137.22,65.47,0.11,40,46,0,13,0,0.32,0,13,0,0.32,0,13,0,0.32,0,13,0,0.32,0,13,0,0.32,18,30.87,45,0.57,0,13,0,0.32,22,41.11,55,0.81,"2020","51","003","011202","Albemarle"
"51003011301","Census Tract 113.01, Albemarle County, Virginia",5383,595,80833,23732,73679,25845,106467,20102,2387,222,1648,233,504,160,44,38,570,265,104,102,1648,233,504,160,88517,19626,13.1,5.9,1728,236,8,18,0.46,0.01,6,13,0.35,0.01,10,24.08,0.58,0.01,57,50,3.3,0.03,81,59.77,4.69,0.03,592,225.49,34.26,0.12,435,183.77,25.17,0.1,620,171.07,35.88,0.09,1546,248,8,18,0.52,0.01,6,13,0.39,0.01,10,24.08,0.65,0.02,24,34.99,0.02,48,44.42,3.1,0.03,576,223.19,37.26,0.13,383,175.84,24.77,0.11,539,152.87,34.86,0.08,44,48,0,18,0,0.41,0,18,0,0.41,0,18,0,0.41,7,22.2,15.91,0.47,7,22.2,15.91,0.47,0,18,0,0.41,14,33.29,31.82,0.67,23,41.15,52.27,0.74,"2020","51","003","011301","Albemarle"
"51003011302","Census Tract 113.02, Albemarle County, Virginia",4695,645,63200,16879,59479,7230,NA,NA,1784,214,385,116,1281,210,69,52,327,183,119,69,385,116,1281,210,90096,49448,13.1,7,801,185,74,59,9.24,0.07,0,13,0,0.02,60,50.99,7.49,0.06,28,36.72,3.5,0.05,162,87.17,20.22,0.1,177,93.56,22.1,0.11,120,83.63,14.98,0.1,342,175.77,42.7,0.2,490,121,35,40,7.14,0.08,0,13,0,0.03,60,50.99,12.24,0.1,28,36.72,0.07,123,75.61,25.1,0.14,130,82.03,26.53,0.15,66,50.93,13.47,0.1,171,81.63,34.9,0.14,107,65,39,43,36.45,0.34,0,13,0,0.12,0,13,0,0.12,0,13,0,0.12,39,44.92,36.45,0.36,18,34.34,16.82,0.3,0,13,0,0.12,50,62.76,46.73,0.51,"2020","51","003","011302","Albemarle"
"51003011303","Census Tract 113.03, Albemarle County, Virginia",4096,462,83397,7633,81394,9170,94199,13846,1678,175,793,140,820,142,19,22,229,85,7,11,793,140,820,142,117813,18100,7.7,2.7,846,142,0,13,0,0.02,0,13,0,0.02,21,32.7,2.48,0.04,42,35.34,4.96,0.04,63,48.15,7.45,0.06,112,70.09,13.24,0.08,166,69.34,19.62,0.08,505,131.19,59.69,0.12,617,125,0,13,0,0.02,0,13,0,0.02,21,32.7,3.4,0.05,37,34.44,0.05,58,47.49,9.4,0.07,63,41.16,10.21,0.06,75,41.68,12.16,0.06,421,124.73,68.23,0.15,143,94,0,13,0,0.09,0,13,0,0.09,0,13,0,0.09,0,13,0,0.09,0,13,0,0.09,49,60.42,34.27,0.36,31,49.73,21.68,0.32,63,45.32,44.06,0.13,"2020","51","003","011303","Albemarle"
"51003011400","Census Tract 114, Albemarle County, Virginia",5248,628,73345,16040,76912,9595,45441,28489,2172,207,1526,227,399,107,134,70,550,168,131,94,1526,227,399,107,86842,7313,14.9,4.2,1322,197,23,18,1.74,0.01,13,20,0.98,0.02,34,37.12,2.57,0.03,101,61.85,7.64,0.05,171,76.99,12.93,0.05,267,92.15,20.2,0.06,377,163.62,28.52,0.12,507,141.19,38.35,0.09,1050,169,17,16,1.62,0.02,0,18,0,0.02,34,37.12,3.24,0.03,83,57.2,0.05,134,72.32,12.76,0.07,234,84.96,22.29,0.07,295,143.2,28.1,0.13,387,107.86,36.86,0.08,266,90,6,9,2.26,0.03,13,20,4.89,0.07,0,18,0,0.07,18,21.54,6.77,0.08,37,35.62,13.91,0.13,33,38.33,12.41,0.14,78,68.8,29.32,0.24,118,80.91,44.36,0.26,"2020","51","003","011400","Albemarle"
"51029930101","Census Tract 9301.01, Buckingham County, Virginia",3673,434,47015,9886,46913,8467,57750,31598,1867,144,1059,155,418,115,192,79,460,121,125,82,1059,155,418,115,57600,19337,17.1,4,984,166,21,17,2.13,0.02,24,30,2.44,0.03,192,102.8,19.51,0.1,78,53.01,7.93,0.05,315,120.69,32.01,0.11,201,68.08,20.43,0.06,329,120.11,33.43,0.11,139,71.02,14.13,0.07,647,140,8,12,1.24,0.02,0,13,0,0.02,114,81.15,17.62,0.12,46,36.36,0.05,168,90.67,25.97,0.13,152,53.79,23.49,0.07,235,89.83,36.32,0.11,92,50.23,14.22,0.07,312,88,0,13,0,0.04,20,26,6.41,0.08,78,63.51,25,0.19,32,43.97,10.26,0.14,130,81.5,41.67,0.23,49,41.16,15.71,0.12,94,66.94,30.13,0.2,39,51.66,12.5,0.16,"2020","51","029","930101","Buckingham"
"51029930102","Census Tract 9301.02, Buckingham County, Virginia",3008,457,42206,11005,41250,13717,42591,19822,1483,155,856,155,320,135,149,71,412,128,77,51,856,155,320,135,53000,19298,18.7,5,810,180,31,41,3.83,0.05,25,30,3.09,0.04,121,81.6,14.94,0.1,104,68.26,12.84,0.08,281,117.89,34.69,0.12,179,83.01,22.1,0.09,290,148.86,35.8,0.17,60,51.76,7.41,0.06,387,83,0,13,0,0.03,25,30,6.46,0.08,15,27.29,3.88,0.07,101,67.23,0.16,141,78.52,36.43,0.19,83,61.04,21.45,0.15,103,68.62,26.61,0.17,60,51.76,15.5,0.13,423,154,31,41,7.33,0.09,0,13,0,0.03,106,78.45,25.06,0.16,3,15.26,0.71,0.04,140,89.82,33.1,0.17,96,58.14,22.7,0.11,187,128.35,44.21,0.26,0,13,0,0.03,"2020","51","029","930102","Buckingham"
"51029930201","Census Tract 9302.01, Buckingham County, Virginia",5829,448,54444,12010,67760,14368,45266,14786,1652,155,1115,160,303,90,199,85,986,183,53,41,1115,160,303,90,62372,13095,21,3.5,1077,145,52,42,4.83,0.04,48,35,4.46,0.03,37,40.45,3.44,0.04,151,82.2,14.02,0.07,288,106.69,26.74,0.09,204,79.47,18.94,0.07,242,93.41,22.47,0.08,343,156.36,31.85,0.14,728,149,15,25,2.06,0.03,0,18,0,0.02,15,17.09,2.06,0.02,105,67.19,0.09,135,75.86,18.54,0.1,143,63.21,19.64,0.08,150,66.22,20.6,0.08,300,147.05,41.21,0.18,283,90,37,35,13.07,0.12,48,35,16.96,0.11,2,18.97,0.71,0.07,46,47.85,16.25,0.16,133,71.41,47,0.2,34,37.42,12.01,0.13,82,60.41,28.98,0.19,34,36.95,12.01,0.12,"2020","51","029","930201","Buckingham"
"51029930202","Census Tract 9302.02, Buckingham County, Virginia",4577,474,50250,6385,59861,19225,34250,8067,2454,193,1361,181,516,146,314,139,399,132,67,56,1361,181,516,146,76196,16873,12,3.7,1166,157,45,40,3.86,0.03,22,26,1.89,0.02,77,53.26,6.6,0.04,108,72.78,9.26,0.06,252,102.03,21.61,0.08,227,97.58,19.47,0.08,321,121.79,27.53,0.1,366,143.36,31.39,0.12,932,146,18,19,1.93,0.02,0,13,0,0.01,65,49.09,6.97,0.05,72,63.35,0.07,155,82.37,16.63,0.08,180,87.37,19.31,0.09,236,96.93,25.32,0.1,361,143.76,38.73,0.14,202,85,0,13,0,0.06,22,26,10.89,0.12,12,22.2,5.94,0.11,36,40.31,17.82,0.18,70,52.86,34.65,0.22,47,48.2,23.27,0.22,85,64.07,42.08,0.26,0,13,0,0.06,"2020","51","029","930202","Buckingham"
