family_type,Albemarle County,Charlottesville city,Fluvanna County,Greene County,Louisa County,Nelson County
a1i0p0s0t0,30357.66,27608.7,31738.56,28710.27,24781.79,27836.8
a1i1p0s0t0,57989.23,56039.61,54196.98,50380.87,44515.16,49148.64
a1i0p1s0t0,56533.77,54627.72,53195.82,49461.61,43587.68,48221.57
a1i0p0s1t0,52407.3,50976.51,50984.08,47173.64,40779.76,46158.58
a1i0p0s0t1,43219.84,42074.45,45121.69,40986.9,32933.32,39170.02
a1i2p0s0t0,76045.14,74700.35,66412.47,62381.56,56367.72,61008.61
a1i1p1s0t0,74357.01,73060.26,65404.59,61455.89,55434.2,60075.48
a1i1p0s1t0,69979.14,69309.87,63119.48,59098.03,52990.74,57946.47
a1i1p0s0t1,59883.43,59364.17,56347.56,52302.05,46166.46,50813.43
a1i0p2s0t0,72713.27,71631.95,64396.7,60530.22,54500.69,59142.36
a1i0p1s1t0,68517.31,67889.63,62111.59,58172.36,52057.23,57013.34
a1i0p1s0t1,58421.59,57943.93,55339.67,51376.38,44153.62,49880.31
a1i0p0s2t0,64321.34,64147.32,59826.49,55814.49,49613.77,54884.32
a1i0p0s1t1,54225.63,54201.62,53345.15,49309.1,40462.45,47969.64
a1i0p0s0t2,45308.79,46326.97,48203.44,42245.41,32815.56,39827.84
a1i3p0s0t0,103692.27,103229.82,87150.94,81269.98,75091.82,79351.9
a1i2p1s0t0,101996.79,101580.09,85979.27,80193.62,74006.82,78267.34
a1i2p0s1t0,97071.04,97153.27,83255.7,77390.03,71362.58,75732.5
a1i2p0s0t1,85385.99,85633.2,75407.48,69982.46,64516.52,68211.35
a1i1p2s0t0,100301.3,99930.35,84807.6,79117.25,72932.31,77182.78
a1i1p1s1t0,95375.56,95503.53,82084.03,76313.67,70423.02,74647.94
a1i1p1s0t1,83690.5,83983.46,74235.81,69050.38,63576.97,67272.17
a1i1p0s2t0,90449.82,91076.72,79360.47,73510.09,67913.74,72231.99
a1i1p0s1t1,78764.76,79556.65,71711.68,66622.62,61067.68,65077.12
a1i1p0s0t2,67873.3,68701.92,64915.49,59803.52,54221.63,57922.25
a1i0p3s0t0,98605.82,98280.61,83635.93,78040.89,71992.75,76098.21
a1i0p2s1t0,93680.07,93853.8,80912.36,75237.31,69483.47,73563.38
a1i0p2s0t1,81995.01,82333.73,73064.14,68118.3,62637.41,66332.99
a1i0p1s2t0,88754.33,89426.98,78188.8,72509.63,66974.18,71292.81
a1i0p1s1t1,77069.27,77906.91,70697.06,65690.54,60128.13,64137.94
a1i0p1s0t2,66405.1,67273.32,63900.88,58871.44,53282.08,56983.07
a1i0p0s3t0,83828.59,85000.17,75465.23,70081.87,64464.9,69097.76
a1i0p0s2t1,72258.34,73480.1,68338.59,63262.77,57618.84,61942.89
a1i0p0s1t2,62139.64,63439.92,61832.99,56734.26,50686.36,55006.38
a1i0p0s0t3,53941.74,55535.14,56667.02,51545.38,43623.86,49553.96
a1i4p0s0t0,125255.74,125510.63,101783.48,95686.1,89374.08,93640.86
a1i3p1s0t0,123498.5,123798.24,100604.04,94602.33,88282.11,92549.3
a1i3p0s1t0,118332.56,119121.43,97795.76,91718.03,85308.38,89938.21
a1i3p0s0t1,106246.79,107197.41,89919.51,83816.65,77377.43,81650.57
a1i2p2s0t0,121741.25,122085.84,99424.6,93518.57,87190.15,91457.75
a1i2p1s1t0,116575.32,117409.03,96616.31,90634.26,84216.41,88846.66
a1i2p1s0t1,104509.99,105485.01,88740.07,82732.88,76285.46,80559.01
a1i2p0s2t0,111409.38,112732.22,93808.03,87749.96,81242.68,86235.57
a1i2p0s1t1,99504,100942.62,85931.79,79848.58,73311.73,77947.92
a1i2p0s0t2,87792.4,89387.77,78055.55,72088.33,66402.12,70107.96
a1i1p3s0t0,119984,120373.44,98245.16,92434.8,86098.18,90366.19
a1i1p2s1t0,114818.07,115696.63,95436.87,89550.5,83124.45,87755.1
a1i1p2s0t1,102807.15,103815.25,87560.63,81649.12,75193.49,79467.45
a1i1p1s2t0,109652.13,111019.83,92628.59,86666.19,80150.71,85144.01
a1i1p1s1t1,97801.15,99283.24,84752.35,78764.81,72324.35,76856.36
a1i1p1s0t2,86089.56,87728.38,76876.11,71149.84,65456.53,69162.72
a1i1p0s3t0,104506.75,106343.02,89820.3,83781.89,77176.98,82532.92
a1i1p0s2t1,92795.16,94751.23,81944.06,75880.51,69749.24,74245.28
a1i1p0s1t2,81083.56,83196.37,74067.82,68652.17,62881.42,66901.65
a1i1p0s0t3,69858.3,71823.61,67104.23,61809.96,56013.6,59724.94
a1i0p4s0t0,118226.75,118661.04,97065.72,91351.04,85006.21,89274.63
a1i0p3s1t0,113060.82,113984.24,94257.43,88466.73,82032.48,86663.54
a1i0p3s0t1,101104.3,102155.87,86381.19,80565.35,74101.53,78375.9
a1i0p2s2t0,107894.89,109307.43,91449.15,85582.43,79058.74,84052.46
a1i0p2s1t1,96098.31,97623.86,83572.91,77681.05,71378.76,75764.81
a1i0p2s0t2,84386.71,86069,75696.66,70211.35,64510.94,68217.49
a1i0p1s3t0,102803.91,104646.7,88640.86,82698.12,76085.01,81441.37
a1i0p1s2t1,91092.31,93091.84,80764.62,74796.74,68803.65,73153.72
a1i0p1s1t2,79380.72,81536.99,72903.34,67713.68,61935.83,65956.41
a1i0p1s0t3,68383.71,70386.67,66082.9,60871.47,55068.01,58779.71
a1i0p0s4t0,97797.91,100114.69,85832.57,79813.82,73111.27,78830.28
a1i0p0s3t1,86086.32,88559.83,77956.33,72058.23,66228.54,70872.04
a1i0p0s2t2,74374.72,77004.97,70471.5,65216.01,59360.72,63695.33
a1i0p0s1t3,64048.76,66462.16,63941.64,58664.39,52783.48,56736.98
a1i0p0s0t4,55827.88,58527.26,58751.4,53452.39,45967.17,51262.73
a1i5p0s0t0,155939.3,157353.08,126388.15,118643.09,111508.07,115720
a1i4p1s0t0,154182.05,155640.69,125171.03,117524.7,110381.22,114593.57
a1i4p0s1t0,149016.11,150963.88,122273.02,114548.25,107312.48,111899.06
a1i4p0s0t1,136930.35,139039.86,114145.14,106394.43,99314.58,103402.46
a1i3p2s0t0,152424.8,153928.29,123953.9,116406.31,109254.37,113467.14
a1i3p1s1t0,147258.87,149251.48,121055.89,113429.86,106185.62,110772.63
a1i3p1s0t1,135173.1,137327.46,112928.02,105276.04,98222.61,102310.91
a1i3p0s2t0,142092.93,144574.68,118157.88,110453.4,103179.83,108078.12
a1i3p0s1t1,130007.17,132650.65,110030.01,102387.83,95248.87,99699.82
a1i3p0s0t2,117921.4,120726.63,102002.68,94486.46,87317.92,91412.17
a1i2p3s0t0,150667.55,152215.89,122736.78,115287.92,108127.51,112340.71
a1i2p2s1t0,145501.62,147539.09,119838.77,112311.47,105061.59,109646.2
a1i2p2s0t1,133415.85,135615.06,111710.89,104188.37,97130.64,101219.35
a1i2p1s2t0,140335.69,142862.28,116940.76,109335.01,102087.86,106951.69
a1i2p1s1t1,128249.92,130938.26,108812.88,101304.07,94156.91,98608.26
a1i2p1s0t2,116164.15,119014.23,100823.24,93402.69,86225.96,90320.62
a1i2p0s3t0,135169.75,138185.47,114042.75,106358.56,99114.12,104284.82
a1i2p0s2t1,123083.98,126261.45,105914.87,98419.76,91183.17,95997.17
a1i2p0s1t2,110998.22,114337.43,98014.95,90518.39,83252.22,87709.53
a1i2p0s0t3,99105.56,102498.13,90138.71,82617.01,75321.27,79421.88
a1i1p4s0t0,148910.3,150503.49,121519.66,114169.53,107000.66,111214.28
a1i1p3s1t0,143744.37,145826.69,118621.65,111193.08,103969.63,108519.77
a1i1p3s0t1,131658.6,133902.67,110493.77,103104.61,96038.68,100127.8
a1i1p2s2t0,138578.44,141149.88,115723.64,108216.62,100995.89,105825.26
a1i1p2s1t1,126492.67,129225.86,107595.76,100220.3,93064.94,97516.71
a1i1p2s0t2,114406.9,117301.84,99643.8,92318.93,85133.99,89229.06
a1i1p1s3t0,133412.51,136473.07,112825.63,105240.17,98022.16,103193.27
a1i1p1s2t1,121326.74,124549.05,104711.75,97336,90091.21,94905.62
a1i1p1s1t2,109240.97,112625.03,96835.51,89434.62,82160.26,86617.97
a1i1p1s0t3,97402.72,100838.75,88959.27,81533.24,74229.31,78330.32
a1i1p0s4t0,128246.57,131796.27,109927.62,102353.07,95048.42,100582.18
a1i1p0s3t1,116160.8,119872.24,101903.46,94451.69,87117.47,92294.53
a1i1p0s2t2,104108.32,107948.22,94027.22,86550.32,79186.52,84006.88
a1i1p0s1t3,92396.72,96306.73,86150.98,78648.94,71489.41,75719.24
a1i1p0s0t4,80685.12,84751.87,78274.74,71049.5,64621.59,68178.02
a1i0p5s0t0,147153.05,148791.1,120302.54,113051.14,105873.81,110087.85
a1i0p4s1t0,141987.12,144114.29,117404.53,110074.69,102877.66,107393.34
a1i0p4s0t1,129901.35,132190.27,109276.65,102020.84,94946.71,99036.24
a1i0p3s2t0,136821.19,139437.48,114506.52,107098.23,99903.93,104712.8
a1i0p3s1t1,124735.42,127513.46,106378.64,99136.54,91972.98,96425.15
a1i0p3s0t2,112649.65,115589.44,98464.36,91235.16,84042.03,88137.5
a1i0p2s3t0,131655.26,134760.68,111608.51,104153.61,96930.19,102101.71
a1i0p2s2t1,119569.49,122836.65,103532.31,96252.23,88999.24,93814.06
a1i0p2s1t2,107483.72,110912.63,95656.07,88350.86,81068.29,85526.42
a1i0p2s0t3,95699.87,99179.36,87779.83,80449.48,73137.34,77238.77
a1i0p1s4t0,126489.33,130083.87,108710.5,101269.31,93956.46,99490.62
a1i0p1s3t1,114403.56,118159.85,100724.02,93367.93,86025.51,91202.97
a1i0p1s2t2,102405.47,106235.82,92847.78,85466.55,78094.56,82915.33
a1i0p1s1t3,90693.87,94647.35,84971.54,77565.17,70543.82,74627.68
a1i0p1s0t4,78982.28,83092.49,77095.3,70111.01,63676,67232.79
a1i0p0s5t0,121323.39,125407.06,105812.49,98385,90982.72,96879.53
a1i0p0s4t1,109237.62,113483.04,97915.74,90483.62,83051.77,88591.88
a1i0p0s3t2,97399.48,101670.19,90039.5,82582.25,75120.82,80304.24
a1i0p0s2t3,85687.88,90115.34,82163.26,74680.87,67968.71,72148.41
a1i0p0s1t4,73976.28,78560.48,74622.58,67903.93,61391.47,65190.06
a1i0p0s0t5,65624.53,69880.2,69214.84,62691.92,56153.86,59715.81
a1i6p0s0t0,177058.36,179051.65,140969.85,133025.94,125781.57,129998.97
a1i5p1s0t0,175293.52,177329.3,139744.71,131899.91,124647.53,128865.32
a1i5p0s1t0,170044.77,172543.93,136759.27,128840.15,121500.34,126092.13
a1i5p0s0t1,157931.62,160584.01,128602.48,120658.79,113290.06,117513.68
a1i4p2s0t0,173528.68,175606.94,138519.57,130773.88,123513.48,127731.68
a1i4p1s1t0,168279.93,170821.58,135534.13,127714.12,120366.29,124958.48
a1i4p1s0t1,156166.77,158861.65,127377.34,119532.76,112156.02,116380.03
a1i4p0s2t0,163031.18,166036.21,132548.69,124654.36,117219.11,122185.28
a1i4p0s1t1,150918.03,154076.29,124391.9,116473,109008.83,113606.83
a1i4p0s0t2,138804.87,142116.37,116235.11,108291.63,100933.27,105032.15
a1i3p3s0t0,171763.83,173884.59,137294.43,129647.85,122379.44,126598.03
a1i3p2s1t0,166515.09,169099.22,134308.99,126588.09,119232.25,123824.84
a1i3p2s0t1,154401.93,157139.3,126152.2,118406.73,111021.97,115246.39
a1i3p1s2t0,161266.34,164313.86,131323.55,123528.33,116085.06,121051.64
a1i3p1s1t1,149153.18,152353.94,123166.76,115346.97,107874.78,112473.19
a1i3p1s0t2,137040.03,140394.01,115009.97,107165.61,99834.34,103933.6
a1i3p0s3t0,156017.59,159528.49,128338.11,120468.58,112937.87,118278.44
a1i3p0s2t1,143904.44,147568.57,120181.32,112287.21,104740.68,109699.99
a1i3p0s1t2,131791.28,135608.65,112024.53,104138.18,96784.59,101246.26
a1i3p0s0t3,119678.12,123648.73,103907.44,96210.1,88828.5,92933.4
a1i2p4s0t0,169998.99,172162.24,136069.29,128521.82,121245.39,125464.39
a1i2p3s1t0,164750.24,167376.87,133083.85,125462.06,118098.2,122691.19
a1i2p3s0t1,152637.09,155416.95,124927.06,117280.7,109887.93,114112.74
a1i2p2s2t0,159501.5,162591.51,130098.41,122402.31,114951.02,119917.99
a1i2p2s1t1,147388.34,150631.58,121941.62,114220.94,106740.74,111339.54
a1i2p2s0t2,135275.18,138671.66,113784.83,106039.58,98735.4,102835.05
a1i2p1s3t0,154252.75,157806.14,127112.97,119342.55,111803.83,117144.79
a1i2p1s2t1,142139.59,145846.22,118956.18,111161.18,103641.74,108566.35
a1i2p1s1t2,130026.44,133886.3,110799.39,103047.01,95685.65,100147.71
a1i2p1s0t3,117913.28,121926.37,102720.23,95118.94,87729.56,91834.85
a1i2p0s4t0,149004,153020.77,124127.53,116282.79,108656.64,114371.6
a1i2p0s3t1,136890.84,141060.85,115970.74,108101.43,100591.99,105793.15
a1i2p0s2t2,124777.69,129100.93,107813.95,100081.98,92635.9,97460.37
a1i2p0s1t3,112664.53,117141.01,99827.22,92153.91,84679.81,89147.51
a1i2p0s0t4,100693.75,105181.09,91922.96,84225.84,76723.72,80834.65
a1i1p5s0t0,168234.15,170439.89,134844.16,127395.79,120111.34,124330.74
a1i1p4s1t0,162985.4,165654.52,131858.71,124336.03,116964.16,121557.54
a1i1p4s0t1,150872.25,153694.6,123701.93,116154.67,108753.88,112979.1
a1i1p3s2t0,157736.65,160869.15,128873.27,121276.28,113816.97,118784.35
a1i1p3s1t1,145623.5,148909.23,120716.48,113094.91,105606.69,110205.9
a1i1p3s0t2,133510.34,136949.31,112559.7,104920.87,97636.46,101736.51
a1i1p2s3t0,152487.91,156083.79,125887.83,118216.52,110669.78,116011.15
a1i1p2s2t1,140374.75,144123.87,117731.04,110035.16,102542.8,107432.7
a1i1p2s1t2,128261.59,132163.94,109574.25,101955.84,94586.71,99049.17
a1i1p2s0t3,116148.44,120204.02,101533.02,94027.77,86630.63,90736.3
a1i1p1s4t0,147239.16,151298.42,122902.39,115156.76,107522.59,113237.95
a1i1p1s3t1,135126,139338.5,114745.6,106975.4,99493.05,104674.69
a1i1p1s2t2,123012.85,127378.58,106588.81,98990.81,91536.96,96361.83
a1i1p1s1t3,110899.69,115418.66,98640.01,91062.74,83580.87,88048.96
a1i1p1s0t4,98983.55,103511.1,90735.75,83134.67,75624.79,79736.1
a1i1p0s5t0,141990.41,146513.05,119916.95,112097.01,104399.39,110464.75
a1i1p0s4t1,129877.25,134553.13,111760.16,103953.86,96443.3,101987.35
a1i1p0s3t2,117764.1,122593.21,103651.26,96025.79,88487.21,93674.49
a1i1p0s2t3,105650.94,110633.29,95747,88097.71,80531.12,85361.62
a1i1p0s1t4,93897.3,98873.88,87842.74,80169.64,72632,77048.76
a1i1p0s0t5,82159.16,87284.24,79938.49,72343.24,65742.41,69307.5
a1i0p6s0t0,166469.31,168717.53,133619.02,126269.76,118977.3,123197.1
a1i0p5s1t0,161220.56,163932.17,130633.58,123210,115830.11,120423.9
a1i0p5s0t1,149107.4,151972.25,122476.79,115028.64,107619.83,111845.45
a1i0p4s2t0,155971.81,159146.8,127648.13,120150.25,112682.92,117650.7
a1i0p4s1t1,143858.65,147186.88,119491.35,111968.88,104493.62,109072.25
a1i0p4s0t2,131745.5,135226.96,111334.56,103829.7,96537.53,100637.96
a1i0p3s3t0,150723.06,154361.44,124662.69,117090.49,109535.74,114877.5
a1i0p3s2t1,138609.91,142401.51,116505.9,108909.13,101443.87,106299.06
a1i0p3s1t2,126496.75,130441.59,108349.12,100864.67,93487.78,97950.62
a1i0p3s0t3,114383.6,118481.67,100345.81,92936.6,85531.69,89637.76
a1i0p2s4t0,145474.31,149576.07,121677.25,114030.73,106388.55,112104.31
a1i0p2s3t1,133361.16,137616.15,113520.46,105849.37,98394.12,103576.14
a1i0p2s2t2,121248,125656.23,105363.67,97899.65,90438.03,95263.28
a1i0p2s1t3,109134.85,113696.3,97452.8,89971.57,82481.94,86950.42
a1i0p2s0t4,97273.34,101842.07,89548.55,82043.5,74525.85,78637.55
a1i0p1s5t0,140225.57,144790.7,118691.81,110970.98,103300.45,109331.11
a1i0p1s4t1,128112.41,132830.78,110535.02,102862.69,95344.36,100888.8
a1i0p1s3t2,115999.26,120870.86,102464.05,94934.62,87388.28,92575.94
a1i0p1s2t3,103925.23,108910.94,94559.79,87006.55,79432.19,84263.08
a1i0p1s1t4,92187.1,97204.85,86655.53,79078.48,71680.38,75950.21
a1i0p1s0t5,80448.96,85615.21,78751.28,71398.34,64790.79,68356.21
a1i0p0s6t0,134976.82,140005.34,115706.37,107911.22,100250.7,106557.91
a1i0p0s5t1,122863.66,128045.41,107549.58,99897.66,92294.61,98201.46
a1i0p0s4t2,110750.51,116085.49,99571.04,91969.59,84338.53,89888.6
a1i0p0s3t3,98838.98,104157.29,91666.78,84041.52,76382.44,81575.74
a1i0p0s2t4,87100.85,92567.64,83762.52,76113.45,69039.44,73262.87
a1i0p0s1t5,75362.71,80978,76193.83,69121.35,62440.44,66247.45
a1i0p0s0t6,66802.13,71943.53,70551.21,63886.24,57181.06,60751.36
a1c7,147203.45,152919.92,126411.28,117475.85,108826.62,114545.13
a1c8,161069.51,168088.6,136857.87,127695.87,118800.86,124675.41
a1c9,181222.39,190514.12,153961.41,143650.56,133788.68,140280
a1c10,196757.1,207905.31,164407.99,153870.58,143762.92,150410.28
a2i0p0s0t0,45542.46,40176.47,47226.12,43951.31,39176.01,42805.78
a2i1p0s0t0,66602.73,61858.76,63104.64,59021.59,52919.2,57495.2
a2i0p1s0t0,65140.9,60438.52,62096.76,58095.92,51985.68,56562.07
a2i0p0s1t0,60944.93,56696.21,59811.65,55738.05,49542.22,54433.05
a2i0p0s0t1,51734.49,47786.03,53925,49827.35,42153.45,48185.3
a2i2p0s0t0,83875.02,79799.45,74923.8,70644.66,64416.15,68998.46
a2i1p1s0t0,82406.81,78370.86,73909.18,69712.58,63476.6,68059.28
a2i1p0s1t0,78141.35,74537.45,71550.71,67284.81,60967.32,65864.23
a2i1p0s0t1,68022.66,64561.63,64754.53,60465.72,54121.26,58709.37
a2i0p2s0t0,80938.6,76942.27,72894.57,68780.5,62537.05,67120.1
a2i0p1s1t0,76673.14,73108.86,70536.1,66352.73,60027.76,64925.05
a2i0p1s0t1,66554.45,63133.03,63739.91,59533.64,53181.71,57770.18
a2i0p0s2t0,72407.69,69275.45,68177.62,63924.97,57518.48,62730
a2i0p0s1t1,62288.99,59299.63,61672.02,57396.46,49813.49,55793.49
a2i0p0s0t2,54091.09,50400.49,56506.05,52207.57,41739.52,48934.41
a2i3p0s0t0,107640.48,104012.48,93369.02,88046.88,82504.24,86133.59
a2i2p1s0t0,105966.1,102575.53,92347.68,87108.39,81558.65,85188.35
a2i2p0s1t0,101631.15,98651.03,89915.84,84610.72,78983.54,82927.28
a2i2p0s0t1,91489.47,88645.08,83095.39,77768.51,72115.72,75750.58
a2i1p2s0t0,104491.52,101138.59,91326.34,86169.9,80613.06,84243.12
a2i1p1s1t0,100156.57,97214.08,88894.5,83672.23,78037.95,81982.04
a2i1p1s0t1,90014.89,87208.13,82074.05,76830.02,71170.13,74805.34
a2i1p0s2t0,95821.62,93289.57,86462.66,81174.57,75462.84,79720.97
a2i1p0s1t1,85679.94,83283.63,79642.21,74332.35,68595.02,72544.26
a2i1p0s0t2,75538.27,73277.68,72821.77,67490.14,61727.2,65367.56
a2i0p3s0t0,103016.94,99701.64,90305,85231.41,79667.47,83297.89
a2i0p2s1t0,98681.99,95777.14,87873.16,82733.74,77092.36,81036.81
a2i0p2s0t1,88540.31,85771.19,81052.72,75891.53,70224.54,73860.11
a2i0p1s2t0,94347.04,91852.63,85441.32,80236.08,74517.25,78775.73
a2i0p1s1t1,84205.36,81846.68,78620.87,73393.86,67649.43,71599.03
a2i0p1s0t2,74063.68,71840.73,71800.43,66551.65,60781.61,64422.33
a2i0p0s3t0,90012.09,87928.12,83009.48,77738.41,71942.14,76514.65
a2i0p0s2t1,79870.41,77922.18,76189.03,70896.2,65074.32,69337.95
a2i0p0s1t2,69728.73,67916.23,69659.17,64344.57,58497.09,62379.6
a2i0p0s0t3,61507.85,59981.32,64468.94,59132.57,51591.3,56905.34
a2i4p0s0t0,129312.44,126290.22,106794.77,101167.23,95471.56,99108.55
a2i3p1s0t0,127609.6,124630.84,105687,100228.74,94525.97,98163.32
a2i3p0s1t0,122603.6,120098.82,103255.16,97731.07,91950.85,95902.24
a2i3p0s0t1,110892.01,108543.97,96434.71,90888.86,85083.03,88725.54
a2i2p2s0t0,125906.75,122971.46,104665.66,99290.25,93580.38,97218.08
a2i2p1s1t0,120900.76,118439.44,102233.82,96792.58,91005.26,94957.01
a2i2p1s0t1,109189.16,106884.58,95413.38,89950.37,84137.44,87780.3
a2i2p0s2t0,115894.76,113907.43,99801.98,94294.92,88430.15,92695.93
a2i2p0s1t1,104446.82,102861.61,92981.53,87452.7,81562.33,85519.23
a2i2p0s0t2,94305.14,92855.66,86161.09,80610.49,74694.51,78342.52
a2i1p3s0t0,124203.91,121312.07,103644.32,98351.76,92634.79,96272.85
a2i1p2s1t0,119197.91,116780.06,101212.48,95854.1,90059.67,94011.77
a2i1p2s0t1,107486.32,105349.17,94392.04,89011.88,83191.85,86835.07
a2i1p1s2t0,114191.92,112248.05,98780.64,93356.43,87484.56,91750.69
a2i1p1s1t1,102972.23,101424.66,91960.19,86514.22,80616.74,84573.99
a2i1p1s0t2,92830.56,91418.72,85139.75,79672,73748.92,77397.29
a2i1p0s3t0,109185.92,107716.03,96348.8,90858.76,84909.45,89489.62
a2i1p0s2t1,98637.28,97500.16,89528.35,84016.55,78041.63,82312.92
a2i1p0s1t2,88495.61,87494.21,82707.91,77174.34,71173.81,75136.21
a2i1p0s0t3,78353.93,77488.26,75887.46,70332.12,64305.99,67959.51
a2i0p4s0t0,122501.06,119652.69,102622.99,97413.28,91689.2,95327.61
a2i0p3s1t0,117495.07,115120.68,100191.14,94915.61,89114.08,93066.54
a2i0p3s0t1,105832.6,103912.23,93370.7,88073.4,82246.26,85889.83
a2i0p2s2t0,112489.07,110588.66,97759.3,92417.94,86538.97,90805.46
a2i0p2s1t1,101497.65,99987.72,90938.86,85575.73,79671.15,83628.76
a2i0p2s0t2,91355.98,89981.77,84118.41,78733.52,72803.33,76452.06
a2i0p1s3t0,107483.08,106069.16,95327.46,89920.27,83963.86,88544.38
a2i0p1s2t1,97162.7,96063.21,88507.01,83078.06,77096.04,81367.68
a2i0p1s1t2,87021.02,86057.26,81686.57,76235.85,70228.22,74190.98
a2i0p1s0t3,76879.35,76051.32,74866.13,69393.64,63360.4,67014.28
a2i0p0s4t0,102969.43,102144.66,92895.62,87422.6,81388.75,86283.31
a2i0p0s3t1,92827.75,92138.71,86075.17,80580.39,74520.93,79106.6
a2i0p0s2t2,82686.07,82132.76,79254.73,73738.18,67653.11,71929.9
a2i0p0s1t3,72544.4,72126.81,72724.87,67186.55,61075.88,64971.55
a2i0p0s0t4,64323.51,64191.91,67534.64,61974.55,55838.26,59497.29
a2i5p0s0t0,157722.95,155412.47,129345.1,121604.31,114502.45,118513.32
a2i4p1s0t0,156012.75,153743.44,128157.89,120513.14,113403.51,117414.77
a2i4p0s1t0,150926.5,149106.23,125264.88,117548.12,110353.76,114727.43
a2i4p0s0t1,139188.36,137516.58,117360.62,109620.04,102900.67,106414.57
a2i3p2s0t0,154302.54,152074.41,126970.68,119421.98,112304.57,116316.22
a2i3p1s1t0,149216.3,147437.2,124077.67,116456.95,109254.82,113628.88
a2i3p1s0t1,137478.16,135847.55,116173.41,108528.88,101949.04,105427.81
a2i3p0s2t0,144130.05,142799.99,121184.66,113491.92,106205.07,110941.54
a2i3p0s1t1,132391.91,131210.34,113280.4,105642.42,99308.1,103100.71
a2i3p0s0t2,120653.78,119620.69,105479.88,98777.09,92418.51,95902.17
a2i2p3s0t0,152592.34,150405.38,125783.47,118330.81,111205.64,115217.67
a2i2p2s1t0,147506.09,145768.17,122890.46,115365.78,108155.89,112530.33
a2i2p2s0t1,135767.96,134178.52,114986.2,107437.71,100997.41,104476.52
a2i2p1s2t0,142419.84,141130.96,119997.45,112400.75,105246.06,109842.99
a2i2p1s1t1,130681.71,129541.31,112093.19,104697.52,98356.48,102149.42
a2i2p1s0t2,118943.57,117951.67,104451.81,97832.2,91466.89,94950.88
a2i2p0s3t0,137333.6,136493.74,117104.43,109435.73,102605.13,107155.65
a2i2p0s2t1,125595.46,124904.1,109200.18,102129.95,95715.54,99822.31
a2i2p0s1t2,113857.33,113314.45,101946.6,95264.63,88825.95,92623.77
a2i2p0s0t3,102659.51,102318,95101.9,88399.3,81936.36,85425.23
a2i1p4s0t0,150882.14,148736.35,124596.26,117239.64,110106.7,114119.13
a2i1p3s1t0,145795.89,144099.14,121703.25,114274.61,107056.95,111431.79
a2i1p3s0t1,134057.75,132509.5,113798.99,106346.54,100045.79,103525.23
a2i1p2s2t0,140709.64,139461.93,118810.24,111309.59,104294.44,108744.44
a2i1p2s1t1,128971.51,127872.28,110905.98,103752.63,97404.85,101198.13
a2i1p2s0t2,117233.37,116282.64,103423.74,96887.3,90515.26,93999.59
a2i1p1s3t0,135623.39,134824.72,115917.22,108344.56,101653.5,106069.56
a2i1p1s2t1,123885.26,123235.07,108012.97,101185.05,94763.91,98871.02
a2i1p1s1t2,112147.12,111645.43,100918.53,94319.73,87874.32,91672.48
a2i1p1s0t3,101178.56,100872.7,94073.83,87454.4,80984.74,84473.94
a2i1p0s4t0,130537.15,130187.5,113024.21,105482.81,99012.56,103742.45
a2i1p0s3t1,118799.01,118597.86,105258.03,98617.48,92122.98,96543.91
a2i1p0s2t2,107060.88,107008.21,98413.33,91752.16,85233.39,89345.38
a2i1p0s1t3,96774.12,96857.1,91568.62,84886.83,78343.8,82146.84
a2i1p0s0t4,86609.46,86821.02,84723.92,78021.5,71454.21,74948.3
a2i0p5s0t0,149171.93,147067.33,123409.05,116148.47,109007.77,113020.58
a2i0p4s1t0,144085.69,142430.11,120516.04,113183.45,105983.75,110333.24
a2i0p4s0t1,132347.55,130840.47,112611.78,105375.3,99094.16,102573.94
a2i0p3s2t0,138999.44,137792.9,117623.03,110218.42,103342.81,107645.9
a2i0p3s1t1,127261.3,126203.25,109718.77,102807.73,96453.22,100246.84
a2i0p3s0t2,115523.17,114613.61,102395.68,95942.4,89563.64,93048.3
a2i0p2s3t0,133913.19,133155.69,114730.02,107253.39,100701.88,105118.27
a2i0p2s2t1,122175.06,121566.04,106825.76,100240.16,93812.29,97919.73
a2i0p2s1t2,110436.92,109976.4,99890.47,93374.83,86922.7,90721.19
a2i0p2s0t3,99697.61,99427.4,93045.76,86509.5,80033.11,83522.66
a2i0p1s4t0,128826.94,128518.47,111837,104537.91,98060.94,102791.16
a2i0p1s3t1,117088.81,116928.83,104229.96,97672.59,91171.35,95592.62
a2i0p1s2t2,105457.82,105447.87,97385.26,90807.26,84281.76,88394.09
a2i0p1s1t3,95293.16,95411.8,90540.55,83941.93,77392.17,81195.55
a2i0p1s0t4,85128.5,85375.73,83695.85,77076.6,70502.58,73997.01
a2i0p0s5t0,123740.69,123881.26,108943.99,101970.34,95420,100464.05
a2i0p0s4t1,112002.56,112291.62,101724.76,95105.02,88530.41,93265.52
a2i0p0s3t2,101053.38,101432.27,94880.05,88239.69,81640.82,86066.98
a2i0p0s2t3,90888.72,91396.2,88035.35,81374.36,74751.24,78868.44
a2i0p0s1t4,80724.06,81360.12,81481.23,74799.62,68152.23,71888.26
a2i0p0s0t5,72480.2,73395.09,76266.73,69564.5,62892.85,66392.16
a2i6p0s0t0,179236.32,177813.21,144581.9,136596.15,129326.86,133346.1
a2i5p1s0t0,177526.12,176144.18,143394.69,135504.99,128227.93,132247.56
a2i5p0s1t0,172439.87,171506.97,140501.68,132539.96,125178.18,129560.22
a2i5p0s0t1,160701.73,159917.32,132597.42,124611.89,117222.09,121247.35
a2i4p2s0t0,175815.91,174475.15,142207.48,134413.82,127128.99,131149.01
a2i4p1s1t0,170729.67,169837.94,139314.47,131448.79,124079.24,128461.67
a2i4p1s0t1,158991.53,158248.29,131410.21,123520.72,116123.15,120148.81
a2i4p0s2t0,165643.42,165200.73,136421.46,128483.76,121029.49,125774.33
a2i4p0s1t1,153905.28,153611.08,128517.2,120555.69,113073.4,117461.46
a2i4p0s0t2,142167.15,142021.44,120612.94,112627.62,105255.74,109148.6
a2i3p3s0t0,174105.71,172806.12,141020.27,133322.65,126030.05,130050.46
a2i3p2s1t0,169019.46,168168.91,138127.26,130357.62,122980.3,127363.12
a2i3p2s0t1,157281.33,156579.27,130223,122429.55,115024.21,119050.26
a2i3p1s2t0,163933.21,163531.7,135234.25,127392.6,119930.55,124675.78
a2i3p1s1t1,152195.08,151942.05,127329.99,119464.53,111974.46,116362.92
a2i3p1s0t2,140456.94,140352.41,119425.73,111536.45,104304.12,108050.05
a2i3p0s3t0,158846.97,158894.49,132341.24,124427.57,116880.8,121988.44
a2i3p0s2t1,147108.83,147304.84,124436.98,116499.5,108924.71,113675.58
a2i3p0s1t2,135370.7,135715.19,116532.72,108571.43,101663.18,105468.25
a2i3p0s0t3,123632.56,124125.55,108628.47,101381.51,94773.59,98269.71
a2i2p4s0t0,172395.51,171137.09,139833.06,132231.48,124931.12,128951.91
a2i2p3s1t0,167309.26,166499.88,136940.05,129266.46,121881.37,126264.57
a2i2p3s0t1,155571.12,154910.24,129035.79,121338.39,113925.28,117951.71
a2i2p2s2t0,162223.01,161862.67,134047.04,126301.43,118831.62,123577.23
a2i2p2s1t1,150484.88,150273.02,126142.78,118373.36,110875.53,115264.37
a2i2p2s0t2,138746.74,138683.38,118238.53,110445.29,103352.49,106951.51
a2i2p1s3t0,157136.76,157225.46,131154.03,123336.4,115781.86,120889.89
a2i2p1s2t1,145398.63,145635.81,123249.77,115408.33,107825.78,112577.03
a2i2p1s1t2,133660.49,134046.17,115345.51,107480.26,100711.55,104516.96
a2i2p1s0t3,121922.36,122456.52,107441.26,100436.61,93821.96,97318.42
a2i2p0s4t0,152050.52,152588.24,128261.02,120371.37,112732.11,118202.55
a2i2p0s3t1,140312.38,140998.6,120356.76,112443.3,104960.2,109889.69
a2i2p0s2t2,128574.25,129408.95,112452.5,104734.37,98070.62,102189.85
a2i2p0s1t3,116836.11,117819.31,104762.96,97869.04,91181.03,94991.32
a2i2p0s0t4,105239,106229.66,97918.25,91003.71,84291.44,87792.78
a2i1p5s0t0,170685.3,169468.07,138645.85,131140.32,123832.18,127853.36
a2i1p4s1t0,165599.06,164830.85,135752.84,128175.29,120782.43,125166.02
a2i1p4s0t1,153860.92,153241.21,127848.59,120247.22,112826.34,116853.16
a2i1p3s2t0,160512.81,160193.64,132859.83,125210.26,117732.68,122478.68
a2i1p3s1t1,148774.67,148604,124955.57,117282.19,109776.59,114165.82
a2i1p3s0t2,137036.54,137014.35,117051.32,109354.12,102400.86,105892.78
a2i1p2s3t0,155426.56,155556.43,129966.82,122245.23,114682.93,119791.34
a2i1p2s2t1,143688.42,143966.78,122062.56,114317.16,106726.84,111478.48
a2i1p2s1t2,131950.29,132377.14,114158.3,106389.09,99759.93,103565.67
a2i1p2s0t3,120212.15,120787.49,106254.05,99491.71,92870.34,96367.13
a2i1p1s4t0,150340.31,150919.22,127073.81,119280.21,111633.18,117104
a2i1p1s3t1,138602.18,139329.57,119169.55,111352.14,104008.58,108791.14
a2i1p1s2t2,126864.04,127739.92,111265.29,103789.47,97118.99,101238.56
a2i1p1s1t3,115125.91,116150.28,103734.89,96924.14,90229.4,94040.03
a2i1p1s0t4,103758.04,104773.69,96890.19,90058.82,83339.81,86841.49
a2i1p0s5t0,145254.06,146282,124180.79,116315.18,108583.43,114416.66
a2i1p0s4t1,133515.93,134692.36,116276.54,108387.11,101367.64,106109.99
a2i1p0s3t2,121777.79,123102.71,108372.28,101221.9,94478.05,98911.46
a2i1p0s2t3,110039.66,111513.07,101229.68,94356.57,87588.46,91712.92
a2i1p0s1t4,99353.6,100758.08,94384.98,87491.25,80698.88,84514.38
a2i1p0s0t5,89188.94,90722.01,87540.27,80625.92,73809.29,77315.84
a2i0p6s0t0,168975.1,167799.04,137458.65,130049.15,122733.24,126754.82
a2i0p5s1t0,163888.85,163161.83,134565.63,127084.12,119683.49,124067.48
a2i0p5s0t1,152150.72,151572.18,126661.38,119156.05,111727.4,115754.61
a2i0p4s2t0,158802.6,158524.61,131672.62,124119.09,116633.74,121380.14
a2i0p4s1t1,147064.47,146934.97,123768.36,116191.02,108677.65,113067.27
a2i0p4s0t2,135326.33,135345.32,115864.11,108262.95,101449.24,104941.49
a2i0p3s3t0,153716.36,153887.4,128779.61,121154.07,113583.99,118692.79
a2i0p3s2t1,141978.22,142297.75,120875.35,113226,105697.89,110379.93
a2i0p3s1t2,130240.09,130708.11,112971.09,105412.14,98808.3,102614.38
a2i0p3s0t3,118501.95,119118.46,105212.03,98546.82,91918.71,95415.84
a2i0p2s4t0,148630.11,149250.19,125886.6,118189.04,110534.24,116005.45
a2i0p2s3t1,136891.97,137660.54,117982.34,110260.97,103056.95,107692.59
a2i0p2s2t2,125153.84,126070.9,110078.08,102844.57,96167.36,100287.27
a2i0p2s1t3,113415.7,114481.25,102706.82,95979.25,89277.77,93088.74
a2i0p2s0t4,102277.09,103328.39,95862.12,89113.92,82388.19,85890.2
a2i0p1s5t0,143543.86,144612.97,122993.58,115224.01,107484.49,113318.11
a2i0p1s4t1,131805.73,133023.33,115089.33,107295.94,100416.02,105158.7
a2i0p1s3t2,120067.59,121433.68,107185.07,100277,93526.43,97960.17
a2i0p1s2t3,108329.46,109844.04,100201.62,93411.67,86636.84,90761.63
a2i0p1s1t4,97872.64,99312.79,93356.91,86546.35,79747.25,83563.09
a2i0p1s0t5,87707.99,89276.71,86512.2,79681.02,72857.66,76364.55
a2i0p0s6t0,138457.61,139975.76,120100.57,112258.99,104664.67,110630.77
a2i0p0s5t1,126719.48,128386.12,112196.32,104574.76,97775.08,102831.6
a2i0p0s4t2,114981.34,116796.47,104541.11,97709.43,90885.49,95633.06
a2i0p0s3t3,103632.86,105333.26,97696.41,90844.1,83995.9,88434.52
a2i0p0s2t4,93468.2,95297.18,90851.7,83978.78,77106.31,81235.98
a2i0p0s1t5,83303.54,85261.11,84297.58,77404.04,70507.31,74255.8
a2i0p0s0t6,75059.68,77296.08,79083.09,72168.92,65247.93,68759.71
a2c7,150305.71,152490.51,130474.06,121527.5,112896.83,118370.72
a2c8,163742.48,167189.58,140597.22,131431.11,122562.27,128187.36
a2c9,183271.43,188076.95,157171.24,146891.85,137086.07,143308.84
a2c10,196708.21,202933.39,167294.4,156795.46,146751.51,153125.48
a3i0p0s0t0,54444.4,50975.78,56657.16,52539.6,46292.04,50875.29
a3i1p0s0t0,77281.59,74358.83,74382.65,69214.27,63643.38,67274.14
a3i0p1s0t0,75813.39,72930.23,73368.04,68282.19,62703.82,66334.96
a3i0p0s1t0,71547.93,69096.82,71009.56,65854.42,60194.54,64139.91
a3i0p0s0t1,62314.51,60156.52,65098.65,59920.6,54233.76,57870.31
a3i2p0s0t0,94161.35,91784.97,85787.4,80442.5,74768.52,78404.44
a3i1p1s0t0,92686.77,90348.03,84766.06,79504.02,73822.93,77459.2
a3i1p0s1t0,88351.82,86423.52,82334.22,77006.35,71247.82,75198.12
a3i1p0s0t1,78210.14,76417.57,75513.77,70164.14,64380,68021.42
a3i0p2s0t0,91212.19,88911.08,83744.72,78565.53,72877.34,76513.97
a3i0p1s1t0,86877.24,84986.58,81312.88,76067.86,70302.23,74252.89
a3i0p1s0t1,76735.56,74980.63,74492.44,69225.65,63434.41,67076.19
a3i0p0s2t0,82542.29,81062.07,78881.04,73570.19,67727.12,71991.81
a3i0p0s1t1,72400.61,71056.12,72351.18,67018.56,61149.89,65033.46
a3i0p0s0t2,64179.73,63121.22,67160.95,61806.56,55912.28,59559.2
a3i3p0s0t0,122039.12,120417.9,106582.43,99960.41,93765.04,97240.53
a3i2p1s0t0,120336.27,118758.52,105503.13,99021.92,92819.45,96295.3
a3i2p0s1t0,115330.28,114226.5,103071.28,96524.25,90244.34,94034.22
a3i2p0s0t1,103958,103137.91,96250.84,89682.04,83376.51,86857.52
a3i1p2s0t0,118633.43,117099.14,104481.79,98083.43,91873.86,95350.06
a3i1p1s1t0,113627.43,112567.12,102049.95,95585.76,89298.75,93088.98
a3i1p1s0t1,102483.42,101700.97,95229.5,88743.55,82430.92,85912.28
a3i1p0s2t0,108621.44,108035.11,99618.1,93088.1,86723.63,90827.91
a3i1p0s1t1,98148.47,97776.46,92797.66,86245.88,79855.81,83651.21
a3i1p0s0t2,88006.79,87770.51,85977.21,79403.67,72987.99,76474.5
a3i0p3s0t0,116930.58,115439.75,103460.45,97144.94,90928.27,94404.83
a3i0p2s1t0,111924.59,110907.74,101028.61,94647.28,88353.16,92143.75
a3i0p2s0t1,101008.84,100264.02,94208.16,87805.06,81485.34,84967.05
a3i0p1s2t0,106918.59,106375.73,98596.76,92149.61,85778.04,89882.67
a3i0p1s1t1,96673.89,96339.52,91776.32,85307.4,78910.22,82705.97
a3i0p1s0t2,86532.21,86333.57,84955.88,78465.18,72042.4,75529.27
a3i0p0s3t0,102480.61,102420.96,96164.92,89651.94,83202.93,87621.6
a3i0p0s2t1,92338.93,92415.01,89344.48,82809.73,76335.11,80444.89
a3i0p0s1t2,82197.26,82409.06,82814.62,76258.1,69757.88,73486.54
a3i0p0s0t3,73976.38,74474.16,77624.39,71046.1,64520.27,68012.28
a3i4p0s0t0,142251.88,141113.74,120446.16,112685.88,105535.45,109458.38
a3i3p1s0t0,140541.68,139444.71,119258.95,111594.71,104583.83,108359.83
a3i3p0s1t0,135455.43,134807.5,116365.94,108629.68,101942.89,105736.5
a3i3p0s0t1,123717.29,123217.86,108461.68,101431.96,95053.3,98537.96
a3i2p2s0t0,138831.47,137775.69,118071.74,110503.54,103632.2,107261.28
a3i2p1s1t0,133745.23,133138.47,115178.73,107538.52,100991.26,104785.21
a3i2p1s0t1,122007.09,121548.83,107274.47,100487.06,94101.68,97586.67
a3i2p0s2t0,128658.98,128501.26,112285.72,104784.82,98350.33,102458.1
a3i2p0s1t1,116920.84,116911.61,104618.53,97919.49,91460.74,95259.56
a3i2p0s0t2,105312.37,105432.97,97773.83,91054.16,84571.15,88061.03
a3i1p3s0t0,137121.27,136106.66,116884.53,109412.38,102680.58,106162.73
a3i1p2s1t0,132035.02,131469.44,113991.52,106447.35,100039.64,103833.92
a3i1p2s0t1,120296.89,119879.8,106095.67,99542.16,93150.05,96635.38
a3i1p1s2t0,126948.77,126832.23,111098.51,103839.92,97398.7,101506.81
a3i1p1s1t1,115210.64,115242.59,103590.46,96974.59,90509.11,94308.27
a3i1p1s0t2,103831.42,103987.67,96745.76,90109.26,83619.52,87109.74
a3i1p0s3t0,121862.53,122195.02,108205.5,101272.35,94757.76,99179.71
a3i1p0s2t1,110124.39,110605.37,101085.26,94407.02,87868.18,91981.17
a3i1p0s1t2,99426.97,99972.06,94240.55,87541.69,80978.59,84782.63
a3i1p0s0t3,89262.31,89935.99,87395.85,80676.37,74089,77584.09
a3i0p4s0t0,135411.07,134437.63,115697.32,108321.21,101728.95,105209.74
a3i0p3s1t0,130324.82,129800.42,112804.31,105462.59,99088.01,102882.63
a3i0p3s0t1,118586.68,118210.77,105067.61,98597.26,92198.42,95684.09
a3i0p2s2t0,125238.57,125163.2,109911.3,102895.02,96447.08,100555.52
a3i0p2s1t1,113500.44,113573.56,102562.4,96029.69,89557.49,93356.99
a3i0p2s0t2,102350.46,102542.37,95717.69,89164.37,82667.9,86158.45
a3i0p1s3t0,120152.32,120525.99,107018.29,100327.45,93806.14,98228.42
a3i0p1s2t1,108414.19,108936.35,100057.19,93462.12,86916.55,91029.88
a3i0p1s1t2,97946.02,98526.77,93212.48,86596.8,80026.96,83831.34
a3i0p1s0t3,87781.36,88490.69,86367.78,79731.47,73137.37,76632.8
a3i0p0s4t0,115066.08,115888.78,104396.69,97759.88,91165.2,95901.31
a3i0p0s3t1,103706.23,104547.24,97551.98,90894.55,84275.61,88702.77
a3i0p0s2t2,93541.57,94511.16,90707.28,84029.23,77386.02,81504.23
a3i0p0s1t3,83376.92,84475.09,84153.16,77454.48,70787.02,74524.05
a3i0p0s0t4,75133.05,76510.06,78938.66,72219.37,65527.64,69027.95
a3i5p0s0t0,169857.43,169702.79,142133.82,133234.85,125123.09,129596
a3i4p1s0t0,168147.22,168033.76,140946.61,132143.69,124024.16,128497.46
a3i4p0s1t0,163060.98,163396.55,138053.6,129178.66,120974.41,125810.12
a3i4p0s0t1,151322.84,151806.91,130149.34,121250.59,113018.32,117497.25
a3i3p2s0t0,166437.02,166364.74,139759.4,131052.52,122925.22,127398.91
a3i3p1s1t0,161350.77,161727.52,136866.39,128087.49,119875.47,124711.57
a3i3p1s0t1,149612.64,150137.88,128962.13,120159.42,111919.38,116398.71
a3i3p0s2t0,156264.53,157090.31,133973.38,125122.46,116825.72,122024.23
a3i3p0s1t1,144526.39,145500.67,126069.12,117194.39,108869.63,113711.37
a3i3p0s0t2,132788.26,133911.02,118164.86,109266.32,101615.48,105499.24
a3i2p3s0t0,164726.82,164695.71,138572.19,129961.35,121826.28,126300.36
a3i2p2s1t0,159640.57,160058.5,135679.18,126996.32,118776.53,123613.02
a3i2p2s0t1,147902.43,148468.85,127774.92,119068.25,110820.44,115300.16
a3i2p1s2t0,154554.32,155421.28,132786.17,124031.3,115726.78,120925.68
a3i2p1s1t1,142816.19,143831.64,124881.91,116103.23,107770.69,112612.82
a3i2p1s0t2,131078.05,132241.99,116977.65,108175.15,100663.85,104547.95
a3i2p0s3t0,149468.07,150784.07,129893.16,121066.27,112677.03,118238.34
a3i2p0s2t1,137729.94,139194.42,121988.9,113138.2,104912.51,109925.48
a3i2p0s1t2,125991.8,127604.78,114084.64,105336.11,98022.92,102220.84
a3i2p0s0t3,114253.67,116015.13,106180.39,98470.79,91133.33,95022.31
a3i1p4s0t0,163016.61,163026.68,137384.98,128870.18,120727.35,125201.81
a3i1p3s1t0,157930.37,158389.47,134491.97,125905.16,117677.6,122514.47
a3i1p3s0t1,146192.23,146799.82,126587.71,117977.08,109721.51,114201.61
a3i1p2s2t0,152844.12,153752.25,131598.96,122940.13,114627.85,119827.13
a3i1p2s1t1,141105.98,142162.61,123694.7,115012.06,106671.76,111514.27
a3i1p2s0t2,129367.85,130572.96,115790.45,107083.99,99712.23,103596.66
a3i1p1s3t0,147757.87,149115.04,128705.95,119975.1,111578.1,117139.79
a3i1p1s2t1,136019.74,137525.4,120801.69,112047.03,103960.88,108826.93
a3i1p1s1t2,124281.6,125935.75,112897.43,104391.22,97071.29,101269.56
a3i1p1s0t3,112543.47,114346.11,105148.25,97525.89,90181.7,94071.02
a3i1p0s4t0,142671.62,144477.83,125812.94,117010.07,108528.34,114452.45
a3i1p0s3t1,130933.49,132888.18,117908.68,109082,101319.94,106140.99
a3i1p0s2t2,119195.35,121298.54,110004.42,101823.65,94430.35,98942.45
a3i1p0s1t3,107457.22,109708.89,102643.04,94958.32,87540.77,91743.91
a3i1p0s0t4,97117.33,99195.76,95798.33,88092.99,80651.18,84545.37
a3i0p5s0t0,161306.41,161357.65,136197.77,127779.02,119628.41,124103.26
a3i0p4s1t0,156220.16,156720.44,133304.76,124813.99,116578.66,121415.92
a3i0p4s0t1,144482.03,145130.79,125400.51,116885.92,108622.57,113103.06
a3i0p3s2t0,151133.91,152083.23,130411.75,121848.96,113528.91,118728.58
a3i0p3s1t1,139395.78,140493.58,122507.49,113920.89,105650.19,110415.72
a3i0p3s0t2,127657.64,128903.93,114603.24,106013.89,98760.6,102645.37
a3i0p2s3t0,146047.67,147446.01,127518.74,118883.93,110479.16,116041.24
a3i0p2s2t1,134309.53,135856.37,119614.48,110955.86,103009.25,107728.38
a3i0p2s1t2,122571.4,124266.72,111710.22,103446.32,96119.67,100318.27
a3i0p2s0t3,110833.26,112677.08,104120.18,96580.99,89230.08,93119.73
a3i0p1s4t0,140961.42,142808.8,124625.73,115918.91,107429.41,113353.9
a3i0p1s3t1,129223.28,131219.16,116721.47,107990.84,100368.32,105189.7
a3i0p1s2t2,117485.15,119629.51,108817.21,100878.75,93478.73,97991.16
a3i0p1s1t3,105801.03,108039.86,101614.97,94013.42,86589.14,90792.62
a3i0p1s0t4,95636.38,97750.46,94770.27,87148.09,79699.55,83594.08
a3i0p0s5t0,135875.17,138171.59,121732.71,112953.88,104616.97,110666.56
a3i0p0s4t1,124137.04,126581.94,113828.46,105176.5,97727.38,102862.59
a3i0p0s3t2,112398.9,114992.3,105954.47,98311.18,90837.79,95664.05
a3i0p0s2t3,101396.59,103770.93,99109.76,91445.85,83948.2,88465.51
a3i0p0s1t4,91231.93,93734.86,92555.64,84871.11,77349.2,81485.33
a3i0p0s0t5,82988.07,85769.83,87341.15,79635.99,72089.82,75989.24
a3i6p0s0t0,191370.8,192103.53,157370.62,148226.7,139947.51,144428.79
a3i5p1s0t0,189660.59,190434.51,156183.42,147135.53,138848.57,143330.24
a3i5p0s1t0,184574.35,185797.29,153290.4,144170.5,135798.82,140642.9
a3i5p0s0t1,172836.21,174207.65,145386.15,136242.43,127842.73,132330.04
a3i4p2s0t0,187950.39,188765.48,154996.21,146044.36,137749.64,142231.7
a3i4p1s1t0,182864.14,184128.26,152103.19,143079.33,134699.88,139544.35
a3i4p1s0t1,171126.01,172538.62,144198.94,135151.26,126743.8,131231.49
a3i4p0s2t0,177777.9,179491.05,149210.18,140114.31,131650.13,136857.01
a3i4p0s1t1,166039.76,167901.41,141305.92,132186.24,123694.05,128544.15
a3i4p0s0t2,154301.63,156311.76,133401.67,124258.16,115737.96,120231.29
a3i3p3s0t0,186240.19,187096.45,153809,144953.19,136650.7,141133.15
a3i3p2s1t0,181153.94,182459.24,150915.98,141988.17,133600.95,138445.81
a3i3p2s0t1,169415.8,170869.59,143011.73,134060.1,125644.86,130132.94
a3i3p1s2t0,176067.69,177822.02,148022.97,139023.14,130551.2,135758.47
a3i3p1s1t1,164329.56,166232.38,140118.72,131095.07,122595.11,127445.6
a3i3p1s0t2,152591.42,154642.73,132214.46,123167,114639.02,119132.74
a3i3p0s3t0,170981.44,173184.81,145129.96,136058.11,127501.45,133071.13
a3i3p0s2t1,159243.31,161595.17,137225.7,128130.04,119545.36,124758.26
a3i3p0s1t2,147505.17,150005.52,129321.45,120201.97,111589.27,116445.4
a3i3p0s0t3,135767.04,138415.87,121417.19,112273.9,103970.56,108132.54
a3i2p4s0t0,184529.98,185427.42,152621.79,143862.03,135551.76,140034.6
a3i2p3s1t0,179443.74,180790.21,149728.78,140897,132502.01,137347.26
a3i2p3s0t1,167705.6,169200.56,141824.52,132968.93,124545.92,129034.4
a3i2p2s2t0,174357.49,176153,146835.76,137931.97,129452.26,134659.92
a3i2p2s1t1,162619.35,164563.35,138931.51,130003.9,121496.17,126347.06
a3i2p2s0t2,150881.22,152973.7,131027.25,122075.83,113540.08,118034.19
a3i2p1s3t0,169271.24,171515.78,143942.75,134966.95,126402.51,131972.58
a3i2p1s2t1,157533.11,159926.14,136038.49,127038.87,118446.42,123659.72
a3i2p1s1t2,145794.97,148336.49,128134.24,119110.8,110490.33,115346.85
a3i2p1s0t3,134056.84,136746.85,120229.98,111182.73,103018.93,107033.99
a3i2p0s4t0,164184.99,166878.57,141049.74,132001.92,123352.76,129285.24
a3i2p0s3t1,152446.86,155288.92,133145.48,124073.85,115396.67,120972.38
a3i2p0s2t2,140708.72,143699.28,125241.22,116145.77,107440.58,112659.51
a3i2p0s1t3,128970.59,132109.63,117336.97,108217.7,100377.99,104588.39
a3i2p0s0t4,117232.45,120519.99,109432.71,101075.2,93488.4,97389.85
a3i1p5s0t0,182819.78,183758.39,151434.58,142770.86,134452.83,138936.05
a3i1p4s1t0,177733.53,179121.18,148541.57,139805.83,131403.08,136248.71
a3i1p4s0t1,165995.4,167531.53,140637.31,131877.76,123446.99,127935.85
a3i1p3s2t0,172647.28,174483.97,145648.55,136840.8,128353.32,133561.37
a3i1p3s1t1,160909.15,162894.32,137744.3,128912.73,120397.24,125248.51
a3i1p3s0t2,149171.01,151304.68,129840.04,120984.66,112441.15,116935.65
a3i1p2s3t0,167561.04,169846.75,142755.54,133875.78,125303.57,130874.03
a3i1p2s2t1,155822.9,158257.11,134851.28,125947.71,117347.49,122561.17
a3i1p2s1t2,144084.77,146667.46,126947.03,118019.63,109391.4,114248.31
a3i1p2s0t3,132346.63,135077.82,119042.77,110091.56,102067.3,105964.21
a3i1p1s4t0,162474.79,165209.54,139862.53,130910.75,122253.82,128186.69
a3i1p1s3t1,150736.65,153619.9,131958.27,122982.68,114297.73,119873.83
a3i1p1s2t2,138998.52,142030.25,124054.01,115054.61,106341.65,111560.97
a3i1p1s1t3,127260.38,130440.61,116149.76,107126.54,99426.37,103637.1
a3i1p1s0t4,115522.25,118850.96,108245.5,100130.31,92536.78,96438.56
a3i1p0s5t0,157388.54,160572.33,136969.52,127945.72,119204.07,125499.35
a3i1p0s4t1,145650.41,148982.68,129065.26,120017.65,111247.98,117186.49
a3i1p0s3t2,133912.27,137393.04,121161,112089.58,103675.02,108873.63
a3i1p0s2t3,122174.14,125803.39,113256.75,104428.06,96785.43,101309.99
a3i1p0s1t4,110436,114213.75,105459.39,97562.73,89895.84,94111.45
a3i1p0s0t5,99696.81,103096.74,98614.69,90697.41,83006.25,86912.92
a3i0p6s0t0,181109.58,182089.36,150247.37,141679.69,133353.89,137837.5
a3i0p5s1t0,176023.33,177452.15,147354.36,138714.66,130304.14,135150.16
a3i0p5s0t1,164285.19,165862.51,139450.1,130786.59,122348.05,126837.3
a3i0p4s2t0,170937.08,172814.94,144461.34,135749.64,127254.39,132462.82
a3i0p4s1t1,159198.95,161225.29,136557.09,127821.57,119298.3,124149.96
a3i0p4s0t2,147460.81,149635.65,128652.83,119893.49,111342.21,115837.1
a3i0p3s3t0,165850.83,168177.73,141568.33,132784.61,124204.64,129775.48
a3i0p3s2t1,154112.7,156588.08,133664.07,124856.54,116248.55,121462.62
a3i0p3s1t2,142374.56,144998.43,125759.82,116928.47,108292.46,113149.76
a3i0p3s0t3,130636.43,133408.79,117855.56,109000.4,101115.68,105012.92
a3i0p2s4t0,160764.59,163540.51,138675.32,129819.58,121154.89,127088.14
a3i0p2s3t1,149026.45,151950.87,130771.06,121891.51,113198.8,118775.28
a3i0p2s2t2,137288.32,140361.22,122866.81,113963.44,105364.33,110462.42
a3i0p2s1t3,125550.18,128771.58,114962.55,106050.73,98474.74,102685.81
a3i0p2s0t4,113812.05,117181.93,107058.29,99185.41,91585.15,95487.27
a3i0p1s5t0,155678.34,158903.3,135782.31,126854.56,118105.14,124400.8
a3i0p1s4t1,143940.2,147313.65,127878.05,118926.48,110149.05,116087.94
a3i0p1s3t2,132202.07,135724.01,119973.79,110998.41,102723.39,107775.08
a3i0p1s2t3,120463.93,124134.36,112069.54,103483.16,95833.8,100358.7
a3i0p1s1t4,108725.8,112544.72,104431.33,96617.84,88944.22,93160.16
a3i0p1s0t5,98215.86,101651.44,97586.62,89752.51,82054.63,85961.63
a3i0p0s6t0,150592.09,154266.09,132889.3,123889.53,115055.38,121713.46
a3i0p0s5t1,138853.95,142676.44,124985.04,115961.46,107099.3,113400.6
a3i0p0s4t2,127115.82,131086.8,117080.78,108033.39,100082.46,105230.13
a3i0p0s3t3,115377.68,119497.15,109176.52,100915.59,93192.87,98031.59
a3i0p0s2t4,103976.07,107907.51,101926.12,94050.27,86303.28,90833.06
a3i0p0s1t5,93811.41,97635.84,95372,87475.52,79704.28,83852.87
a3i0p0s0t6,85567.55,89670.81,90157.5,82240.41,74444.9,78356.78
a3c7,162440.18,166780.84,143262.78,133158.04,123517.47,129453.4
a3c8,175876.96,181479.9,153385.95,143061.65,133182.92,139270.04
a3c9,195405.91,202511.6,169959.96,158522.39,147706.72,154391.53
a3c10,209193.89,217680.28,180083.12,168426,157372.16,164208.17
a4c0,59130.67,57275.92,61568.95,57249.6,50764.66,55359.78
a4c1,74656.53,73573.62,74531.19,69198.85,63347.93,67113.31
a4c2,85451.96,85522.86,82468.07,76935.88,70867.26,74764.14
a4c3,102725.48,103633.34,97214.09,90558.54,83994.1,87849.9
a4c4,115632.14,117942.83,105980.26,99134.59,92363.91,96350.64
a4c5,135161.1,138830.2,122528,113509.35,104940.82,109955.2
a4c6,148597.87,153529.27,132651.16,123412.96,114419.08,119771.84
a4c7,168126.82,174416.64,149225.18,138873.71,128942.88,134893.32
a4c8,181563.6,189115.7,159348.34,148777.32,138608.32,144709.96
a4c9,201196.15,210391.35,175922.35,164238.06,153132.12,159831.45
a4c10,215062.21,225560.03,186045.51,174141.67,162797.56,169648.09
a5c0,68873.29,68548.71,71858.54,66500.55,60602.01,64249.15
a5c1,86799.96,87640.31,87343.42,80785.38,74300.79,77911.37
a5c2,96014.24,97516.9,93611.06,86931.99,80322.43,84059.87
a5c3,113974.19,117067.88,108244.07,100320.24,92899.34,97154.35
a5c4,127410.96,131766.94,118367.23,109321.41,101269.15,105655.09
a5c5,146939.91,152654.31,134941.25,124782.15,115037.4,120699.96
a5c6,160376.69,167353.38,145064.41,134685.76,124702.84,130516.6
a5c7,179905.64,188240.75,161638.42,150146.5,139226.64,145638.08
a5c8,193342.42,203102.43,171761.58,160050.11,148892.08,155454.72
a5c9,213351.29,224657.13,188335.6,175510.86,163415.88,170576.21
a5c10,227217.35,239825.81,198478.21,185414.47,173081.32,180392.85
a6c0,74035.73,75473.04,77273.04,71689.52,65525.67,69186.08
a6c1,90338.52,92435.98,91043.56,84340.95,77686.29,81305.37
a6c2,100938.59,104129.13,98774.2,91881.48,85020.57,88770.58
a6c3,119660.83,124703.68,114206.46,105269.73,97597.48,101865.05
a6c4,133097.6,139402.74,124329.62,115037.08,105967.29,111018.39
a6c5,152626.56,160290.11,140903.64,130497.82,120462.8,126139.87
a6c6,166063.33,174989.18,151026.8,140401.43,130128.25,135956.52
a6c7,185592.28,195876.55,167600.81,155862.17,144652.04,151078
a6c8,199066.73,210982.18,177723.97,165765.78,154317.49,160894.64
a6c9,219219.61,232536.88,194297.99,181226.52,168841.29,176016.12
a6c10,233085.67,247705.56,204631.09,191130.13,178506.73,185832.76
a7c0,84512.55,87355.05,88325.81,81599.67,74899.89,78400.61
a7c1,100538.41,104406.99,101792.83,94102.65,86591.53,90609.81
a7c2,111910.69,117640.41,110045.69,101643.18,93925.81,98075.02
a7c3,131439.65,138527.79,126619.71,116406.27,106557.32,111946.51
a7c4,144876.42,153226.85,136742.87,126309.88,116222.77,121763.15
a7c5,164405.37,174114.22,153316.88,141770.62,130746.56,136884.63
a7c6,177842.15,188813.29,163440.04,151674.23,140412.01,146701.28
a7c7,197371.1,210079.27,180014.06,167134.97,154935.81,161822.76
a7c8,211221.87,225247.96,190137.22,177038.58,164601.25,171639.4
a7c9,231374.75,246802.66,206994.35,192499.32,179125.05,186760.88
a7c10,245240.81,261971.34,217440.93,202548.39,188790.49,196577.52
a8c0,89436.91,93967.29,93488.95,86549.16,79598.03,83111.31
a8c1,105462.76,111772.97,107080.74,99052.14,91289.67,95320.52
a8c2,117597.33,125276.21,116008.08,106661.19,98623.95,102785.73
a8c3,137126.29,146163.59,132582.1,122121.93,111982.73,117386.43
a8c4,150563.06,160862.65,142705.26,132025.54,121648.17,127203.07
a8c5,170092.02,181750.02,159279.27,147486.29,136171.97,142324.55
a8c6,183528.79,196449.09,169402.43,157389.9,145837.41,152141.19
a8c7,203224.12,217959.03,185976.45,172850.64,160361.21,167262.68
a8c8,217090.19,233127.71,196099.61,182754.25,170026.65,177079.32
a8c9,237243.07,254682.41,213147.23,198226.65,184550.45,192200.8
a8c10,251109.13,269851.09,223593.81,208446.67,194215.89,202150.59
a9c0,99636.79,105938.3,104238.22,96310.86,88503.27,92415.76
a9c1,117135.2,125597.08,119493.99,109226.2,100194.91,104624.96
a9c2,129376.15,139100.32,128421.33,117933.99,107742.69,113009.7
a9c3,148905.11,159987.7,144995.34,133394.73,122266.49,128131.19
a9c4,162341.88,174686.76,155118.5,143298.34,131931.93,137947.83
a9c5,181870.83,195574.13,171692.52,158759.08,146455.73,153069.31
a9c6,195307.61,210670.1,181815.68,168662.69,156121.17,162885.95
a9c7,215379.26,232224.8,198406.94,184123.44,170644.97,178007.44
a9c8,229245.33,247393.49,208853.53,194027.05,180310.41,187824.08
a9c9,249398.21,268948.19,225957.06,209859.6,194834.21,203108.36
a9c10,263264.27,284116.87,236403.65,220079.62,204712.1,213238.63
a10c0,104561.15,113541.33,109904.67,101260.35,93201.41,97126.46
a10c1,122821.84,133232.88,125456.38,114941.87,104893.05,109828.8
a10c2,135062.79,146736.12,134383.72,123649.66,113168.09,118449.62
a10c3,154591.75,167623.5,150957.73,139110.4,127691.89,133571.11
a10c4,168028.52,182322.56,161080.89,149014.01,137357.34,143387.75
a10c5,187557.47,203381.18,177654.91,164474.75,151881.13,158509.23
a10c6,201094.7,218549.86,187778.07,174378.36,161546.58,168325.87
a10c7,221247.59,240104.56,204559.82,189839.1,176070.38,183447.35
a10c8,235113.65,255273.24,215006.41,199803.18,185735.82,193263.99
a10c9,255266.53,276827.94,232109.95,215757.88,200336.6,208722.07
a10c10,269132.6,291996.62,242556.53,225977.9,210310.84,218852.35
